"Timestamp","Username","1. What's your age?","2. What's your gender?","3. When was the first time you started shopping home appliances?","4. How often do you shop household accessories?","5. Which is your most preferred retailer to purchase home accessories, kitchen appliances, furniture, etc?","6. Which of these would you prefer when buying home appliances?","7. Which season do you usually buy home furniture/appliances?","8. What kind of products do you like buying from IKEA or other furniture stores?","9. Which is your favourite section in IKEA or any other furniture store?","10. What factors do you consider while purchasing products?","11. Would you be interested to know transparency of products before you make a decision to purchase? Ex: Product detailing","12. Are you satisfied with the details given on product descriptions?","13. Have you ever purchased any defective, counterfeit or fraudulent products?","14. If Yes, what was your reaction or action?","15. Did you boycott the seller, retailer or manufacturer who sold you the fraudulent product?","16. Did the products you purchased provide all the information on social, health, safety and environmental  impacts along with other product details?","17. Do you usually look for the source of the product in the product labels?","18. With regard to product transparency, what details are most important to you?","19. Do you trust and purchase products from the retailers who provide complete details of the product?","20. Do you think, you are more concerned about product transparency today than you were a few years ago?","21. What information would you prefer to view in the product labels before you purchase any product?","22. Do you think retailers should adopt latest technologies to enable higher consumer transparency before purchase? Ex: Block Chain and Artificial Intelligence","23. Do you think there should be transparency required in the transport process for goods transferred from the production plant upto delivery of the products?","24. Are you most interested in hearing about the social, health, environmental and safety impacts of the products you buy or the company that makes them?","25. Where do you most likely look for information about the social, health, environmental and safety impact of the products you buy?","26. Do you believe brand value and position depends on the transparent product details shared by the company that produces them?","27. Would you switch to the brands who are transparent to the consumers than the usual brand with fewer detail?","28. What additional details will you expect the manufacturers and/or retailers to provide while producing and selling the products?"
"2020/10/30 7:50:26 PM GMT+2","","15 - 24","Male","","","Amazon","Online","","Kitchen Appliances, Cutlery;House hold Items","Home Accessories;Home Decoration","Warranty, Guarantee;Quality","Yes","1","","","","Yes","Yes","Environment Impact;Raw materials used;Quality of the product;Fraudulent products","Yes","","Cost","Never Mind","Yes","Products","","2","","Customer engagement should be considered as a priority"
"2020/10/30 7:51:48 PM GMT+2","","25 - 34","Male","","","Amazon","Online","","Furnitures;Kitchen Appliances, Cutlery;House hold Items","All the above","All the above","Yes","4","","","","Yes","Yes","Manufacturing Location/Country","Yes","","Cost","Yes","Yes","Company","","5","","Not thought yet"
"2020/10/30 7:55:14 PM GMT+2","","15 - 24","Male","","","Amazon","Online","","Kitchen Appliances, Cutlery","All the above","All the above","Yes","3","","","","Yes","Yes","Manufacturing Location/Country;Environment Impact;Child Labor in work force;Raw materials used;Quality of the product","Yes","","Cost","Yes","No","Products","","1","","Nothing "
"2020/10/30 8:00:39 PM GMT+2","","25 - 34","Male","","","Amazon","Online","","Furnitures","Home Decoration;Furnitures","Cost;Quality","Yes","2","","","","No","Yes","Manufacturing Location/Country;Environment Impact;Work environment, Labor Laws of the local governments, Workers min wage;Child Labor in work force;Fraudulent products","Yes","","durability","Yes","Yes","Company","","1","","NA"
"2020/10/30 8:32:38 PM GMT+2","","25 - 34","Female","5 years and above","","Amazon","Online","","Furnitures;Kitchen Appliances, Cutlery;House hold Items","All the above","All the above","Yes","2","","","","No","Yes","Environment Impact;Quality of the product;Logistics details;Fraudulent products","Yes","No","Cost","Yes","Yes","Products","","1","","All of the above"
"2020/10/30 10:48:16 PM GMT+2","","35 - 54","Male","3 - 5 years","","Amazon","Online","Christmas eve, Holidays, Weekends etc","Furnitures;House hold Items","Home Decoration","Dimensions, Shapes and Colors","Yes","5","","","","No","No","Raw materials used","No","No","raw materials used","Never Mind","Yes","Products","","5","","Nothing "
"2020/10/30 10:51:37 PM GMT+2","","35 - 54","Male","5 years and above","","Amazon or offline retailer like Ikea in Germany or Croma in India","Both","Depends on requirement","Furnitures;Kitchen Appliances, Cutlery;House hold Items","Furnitures","All the above","Yes","3","","","","No","Yes","Manufacturing Location/Country;Environment Impact;Work environment, Labor Laws of the local governments, Workers min wage;Child Labor in work force","Yes","Yes","Cost","Never Mind","Yes","Company","","3","","About trust in retailers transparency, needs to be a government certification renewed with audits every 2 years. Self attestation of comapny is meaningless."
"2020/10/31 12:46:47 AM GMT+2","","35 - 54","Male","3 - 5 years","","Amazon","Online","Christmas eve, Holidays, Weekends etc","Furnitures;House hold Items","Home Decoration","Dimensions, Shapes and Colors","Yes","5","","","","No","No","Raw materials used","No","No","raw materials used","Never Mind","Yes","Products","","5","","Nothing "
"2020/10/31 3:59:54 AM GMT+2","","25 - 34","Male","5 years and above","","Offline stores","Both","Christmas eve, Holidays, Weekends etc","Furnitures;House hold Items;Toys","Home Decoration;Furnitures","Cost;Warranty, Guarantee","Yes","3","","","","No","Yes","None","Yes","Yes","raw materials used","Yes","No","Products","","3","","None"
"2020/10/31 8:03:31 AM GMT+2","","25 - 34","Male","5 years and above","","Amazon","Both","Christmas eve, Holidays, Weekends etc","Furnitures","Home Accessories","All the above","Yes","1","","","","Yes","Yes","Manufacturing Location/Country;Environment Impact;Work environment, Labor Laws of the local governments, Workers min wage;Raw materials used;Quality of the product;Fraudulent products","Yes","Yes","Cost","Yes","Yes","Company","","1","","Nothing"
"2020/10/31 8:41:33 AM GMT+2","","25 - 34","Male","5 years and above","","Amazon","Online","Summer","Furnitures;Kitchen Appliances, Cutlery;House hold Items","All the above","All the above","Yes","2","","","","Yes","Yes","Environment Impact;Quality of the product","Yes","Yes","raw materials used","Yes","Yes","Company","","1","","None"
"2020/10/31 7:03:46 PM GMT+2","raulakys@yahoo.com","25 - 34","Male","5 years and above","","Amazon","Both","Christmas eve, Holidays, Weekends etc","Furnitures;Kitchen Appliances, Cutlery","Furnitures","Warranty, Guarantee;Quality","Yes","3","Yes","Return the product and request for refund","Yes, boycott both sellers and manufacturers, but not the retailers","No","Yes","Manufacturing Location/Country;Environment Impact;Work environment, Labor Laws of the local governments, Workers min wage;Child Labor in work force;Raw materials used;Quality of the product;Logistics details","Yes","Yes","Dimensions, Size, Color","Yes","Yes","Products","","2","Switch to new brand","If defective than clarify it and provide heavy discount on the product"
"2020/11/01 12:18:13 AM GMT+2","y.mouftah@gmail.com","25 - 34","Male","5 years and above","Quarterly","IKEA","Both","Fall","Furnitures;Kitchen Appliances, Cutlery;Home Decorations","Furnitures","Cost;Quality","Yes","3","Yes","Returned the product and requested for refund","Yes, but only boycotted the sellers","No","No","Environmental Impact;Child Labour in work force;Quality of the product;Fraudulent products","Yes","Yes","Cost","Yes","Yes","Products","","3","Switch to new brand","none "
"2020/11/01 12:28:42 PM GMT+2","beqpeirqts@gmail.com","25 - 34","Female","< 1 year","once a month","IKEA","Online","Christmas eve, Holidays, Weekends etc","Furnitures;Kitchen Appliances, Cutlery;Home Decorations;Food, Cafetaria","Home Accessories;Home Decoration;Furnitures","Cost;Dimensions, Shapes and Colors","Yes","1","Yes","Kept the products without complaining to anyone","None","Yes","No","Manufacturing Location/Country;Quality of the product","Yes","Yes","Dimensions, Size, Color","Yes","Yes","Company","","1","Switch to new brand","children exploitation"
"2020/11/01 1:02:08 PM GMT+2","Mohamedabdelghany_gharraf@yahoo.com","35 - 54","Male","5 years and above","Depends on requirement","IKEA","Offline/Stores","Christmas eve, Holidays, Weekends etc","Furnitures","All the above","All the above","Yes","4","No","None of the above","None","Don't care","No","None","No","No","Dimensions, Size, Color","Never Mind","No","Products","","3","No, continue with the existing brand","None"
"2020/11/01 1:14:05 PM GMT+2","lkhoeger@gmail.com","35 - 54","Female","5 years and above","Quarterly","Amazon","Both","Fall","Kitchen Appliances, Cutlery;House hold Items","Kitchen Appliances","Quality;Dimensions, Shapes and Colors","Yes","3","Yes","Returned the product and requested for refund","None","Don't care","Yes","Work environment, Labour Laws of the local governments, Workers min wage;Raw materials used;Quality of the product;Fraudulent products","Yes","Yes","durability","Yes","Yes","Products","","2","Switch to new brand","None"
"2020/11/01 8:21:44 PM GMT+2","e_kamani@stu-psbedu.paris","25 - 34","Female","5 years and above","Depends on requirement","Amazon","Both","Depends on requirement","Furnitures;Kitchen Appliances, Cutlery;Home Decorations","Home Accessories;Kitchen Appliances","All the above","Yes","3","No","Returned the product and requested for refund","None","Yes","Yes","Manufacturing Location/Country;Raw materials used;Quality of the product;Logistic details","Yes","Yes","raw materials used","Yes","Yes","Products","Product labels","4","Switch to new brand","None"
"2020/11/01 8:39:18 PM GMT+2","barbaratadros@gmail.com","25 - 34","Female","< 1 year ago","once a month","Amazon","Online","Winter","Furnitures;Home Decorations","Home Accessories;Kitchen Appliances;Home Decoration","Cost;Quality;Dimensions, Shapes and Colors","Yes","3","No","None of the above","None","Yes","No","Environmental Impact;Child Labour in work force;Raw materials used;Quality of the product","Yes","Yes","Cost","Yes","Yes","Company","Company website","2","Switch to new brand","None"
"2020/11/02 5:09:55 AM GMT+2","yuki.d.w@gmail.com","35 - 54","Male","5 years and above","Depends on requirement","Amazon","Online","Spring","Furnitures;Kitchen Appliances, Cutlery","Home Accessories;Kitchen Appliances;Furnitures, Bedroom","Cost","Yes","3","Yes","Returned the product and requested for refund","Yes, but only boycotted the sellers","No","Yes","Environmental Impact;Quality of the product","No","Yes","Dimensions, Size, Color","Yes","Yes","Products","Product labels","3","Switch to new brand","None"
"2020/11/02 9:16:10 AM GMT+2","nikitaravela@gmail.com","25 - 34","Female","3 - 5 years ago","Depends on requirement","IKEA","Offline/Stores","Christmas eve, Holidays, Weekends etc","Furnitures;Kitchen Appliances, Cutlery;House hold Items;Home Decorations;Food","Home Decoration;Furnitures, Bedroom","All the above","Yes","2","Yes","Updated customer review in online platforms","None","No","No","Manufacturing Location/Country;Quality of the product","Yes","Yes","durability","Yes","Yes","Products","Company website","2","Switch to new brand","None"
"2020/11/02 1:35:28 PM GMT+2","risingrockstarrag@gmail.com","25 - 34","Male","5 years and above","Depends on requirement","Amazon","Both","Christmas eve, Holidays, Weekends etc","House hold Items;Home Decorations","Home Accessories;Home Decoration;Furnitures, Bedroom","All the above","Yes","3","No","Returned the product and requested for refund","Yes, boycotted all of them","Yes","Yes","Environmental Impact;Quality of the product;Fraudulent products","Yes","Yes","durability","Yes","Yes","Products","Company website","3","Switch to new brand","None"
"2020/11/02 1:38:24 PM GMT+2","hm.rimbert@psbedu.paris","35 - 54","Female","5 years and above","Depends on requirement","Amazon","Online","Christmas eve, Holidays, Weekends etc","Furnitures;Home Decorations","All the above","All the above","Yes","4","Yes","Updated customer review in online platforms","Yes, but only boycotted the sellers","Yes","Yes","Raw materials used","Yes","Yes","raw materials used","Yes","Yes","Products","Product labels","2","Switch to new brand","Toxic or not, especially toys and furniture for children"
"2020/11/02 2:00:42 PM GMT+2","chilakalasubbarao1994@gmail.com","25 - 34","Male","< 1 year ago","Depends on requirement","Maisons du Monde","Offline/Stores","Christmas eve, Holidays, Weekends etc","Furnitures","Furnitures, Bedroom","Cost","Yes","3","Yes","Returned the product and requested for refund","Yes, but only boycotted the sellers","Don't care","No","Work environment, Labour Laws of the local governments, Workers min wage","Yes","Yes","raw materials used","No","Yes","Company","Advertisement","3","Switch to new brand","None"
"2020/11/02 2:04:18 PM GMT+2","ziadmarhaba1@gmail.com","15 - 24","Male","1 - 2 years ago","Quarterly","IKEA","Both","Spring","Furnitures;Kitchen Appliances, Cutlery;House hold Items","All the above","Cost;Quality;Dimensions, Shapes and Colors","Yes","4","Yes","Kept the products without complaining to anyone","Yes, but only boycotted the sellers","No","No","Quality of the product","Yes","No","Dimensions, Size, Color","Don't care","No","Products","Advertisement","4","No, continue with the existing brand","None"
"2020/11/02 2:41:24 PM GMT+2","cecelove_23@hotmail.com","25 - 34","Female","1 - 2 years ago","once a month","Amazon","Both","Winter","House hold Items","Furnitures, Bedroom","Cost","No","2","No","None of the above","None","Yes","No","Quality of the product;Fraudulent products","Yes","Yes","Cost","Yes","Yes","Products","Company website","4","No, continue with the existing brand","None"
"2020/11/02 2:55:18 PM GMT+2","frhanyi@163.com","15 - 24","Male","3 - 5 years ago","Depends on requirement","IKEA","Both","Summer","Furnitures","Furnitures, Bedroom","All the above","Yes","4","Yes","Returned the product and requested for refund","None","No","Yes","Quality of the product","Yes","Yes","raw materials used","Yes","Yes","Products","Company website","4","Switch to new brand","None"
"2020/11/02 2:55:27 PM GMT+2","ppageooo@gmail.com","25 - 34","Female","5 years and above","Depends on requirement","IKEA","Both","Fall","Furnitures","Furnitures, Bedroom;Cafeteria","Cost;Quality;Dimensions, Shapes and Colors","Yes","3","No","None of the above","None","No","Yes","Manufacturing Location/Country;Environmental Impact;Work environment, Labour Laws of the local governments, Workers min wage","No","No","Cost","Yes","Yes","Company","Product labels","2","Switch to new brand","Goes with environmental impact: is it biodegradable?"
"2020/11/02 3:03:49 PM GMT+2","majdaelmoussaoui@gmail.com","15 - 24","Female","< 1 year ago","once a month","IKEA","Both","Spring","Furnitures;House hold Items;Home Decorations","All the above","All the above","Yes","3","No","None of the above","None","No","Yes","Manufacturing Location/Country;Environmental Impact;Work environment, Labour Laws of the local governments, Workers min wage;Child Labour in work force;Raw materials used;Quality of the product;Fraudulent products","Yes","Yes","Cost","Yes","Yes","Company","Company website","5","Switch to new brand","None"
"2020/11/02 3:32:41 PM GMT+2","akkar95@gmail.com","15 - 24","Female","3 - 5 years ago","once a month","IKEA","Both","Christmas eve, Holidays, Weekends etc","Furnitures;Kitchen Appliances, Cutlery;Home Decorations","Home Accessories;Kitchen Appliances","All the above","Yes","3","Yes","Returned the product and requested for refund","Yes, but only boycotted the sellers","No","Yes","Child Labour in work force;Raw materials used;Quality of the product","Yes","No","durability","Don't care","Yes","Products","Company website","3","No, continue with the existing brand","None"
"2020/11/02 4:23:48 PM GMT+2","sri.kartheek@gmail.com","35 - 54","Male","5 years and above","Depends on requirement","Amazon","Both","Christmas eve, Holidays, Weekends etc","Kitchen Appliances, Cutlery;Toys & Play","Kids Furnitures","All the above","No","4","Yes","Returned the product and requested for refund","None","Don't care","No","Quality of the product","Yes","Yes","Cost","Don't care","No","Products","Instore, POS","4","No, continue with the existing brand","None"
"2020/11/02 4:59:19 PM GMT+2","aishwarya9403@gmail.com","25 - 34","Female","1 - 2 years ago","Depends on requirement","Amazon","Both","Christmas eve, Holidays, Weekends etc","Furnitures;Kitchen Appliances, Cutlery;House hold Items;Toys & Play;Home Decorations;Food","Home Accessories;Kitchen Appliances;Home Decoration;Furnitures, Bedroom;Cafeteria","All the above","Yes","2","Yes","Returned the product and requested for refund","Yes, boycotted all of them","Yes","No","Environmental Impact;Quality of the product;Logistic details;Fraudulent products","Yes","Yes","Cost","Yes","Yes","Products","Company website","3","Switch to new brand","None"
"2020/11/02 5:24:16 PM GMT+2","afm7901@yahoo.com","35 - 54","Female","5 years and above","Depends on requirement","SM Our Home","Offline/Stores","Christmas eve, Holidays, Weekends etc","House hold Items","Home Accessories;Home Decoration","Cost;Quality;Dimensions, Shapes and Colors","Yes","4","Yes","Kept the products without complaining to anyone","Yes, but only boycotted the manufacturer","No","Yes","Manufacturing Location/Country;Environmental Impact;Child Labour in work force","Yes","Yes","Cost","Don't care","Yes","Company","Product labels","3","Switch to new brand","None"
"2020/11/02 5:31:14 PM GMT+2","mellet1997@outlook.com","15 - 24","Prefer Not to Say","5 years and above","Annually","IKEA","Both","all over the year","Furnitures;Kitchen Appliances, Cutlery;House hold Items;Toys & Play;Home Decorations","Home Accessories;Kitchen Appliances;Home Decoration;Furnitures, Bedroom;Kids Furnitures","Cost;Quality;Dimensions, Shapes and Colors","Yes","3","No","None of the above","Yes, boycotted both the seller and the manufacturer, but not the retailer","Don't care","No","Environmental Impact;Work environment, Labour Laws of the local governments, Workers min wage;Raw materials used;Quality of the product","Yes","No","Dimensions, Size, Color","Yes","Yes","Products","Advertisement","3","Switch to new brand","recycle info"
"2020/11/02 5:32:15 PM GMT+2","jingwei0210@hotmail.com","25 - 34","Female","5 years and above","Depends on requirement","IKEA","Both","when I need something new","Home Decorations","Home Accessories","All the above","Yes","4","Yes","Returned the product and requested for refund","Yes, but only boycotted the sellers","No","No","Environmental Impact;Quality of the product","Yes","Yes","Dimensions, Size, Color","No","Yes","Products","Advertisement","4","No, continue with the existing brand","None"
"2020/11/02 5:54:56 PM GMT+2","prasidhnishchal@gmail.com","25 - 34","Male","< 1 year ago","Semi-annual","Maisons du Monde","Online","Summer","Toys & Play","Home Decoration","Quality","Yes","2","No","Kept the products without complaining to anyone","Yes, boycotted both the seller and the manufacturer, but not the retailer","Yes","Yes","Environmental Impact","Yes","Yes","Dimensions, Size, Color","No","Yes","Products","Company website","2","Switch to new brand","None"
"2020/11/02 6:56:33 PM GMT+2","thierry_dsp@hotmail.com","35 - 54","Male","5 years and above","Depends on requirement","Maisons du Monde","Both","When required","Furnitures;Kitchen Appliances, Cutlery;House hold Items;Home Decorations","Furnitures, Bedroom","Cost;Dimensions, Shapes and Colors","Yes","4","Yes","Returned the product and requested for refund","None","No","No","Manufacturing Location/Country;Environmental Impact;Raw materials used;Quality of the product","Yes","Yes","Cost","Don't care","Yes","Products","Product labels","3","Switch to new brand","None"
"2020/11/02 7:20:44 PM GMT+2","jbhanu.crm@gmail.com","25 - 34","Male","5 years and above","Depends on requirement","Amazon","Both","Christmas eve, Holidays, Weekends etc","Furnitures;Kitchen Appliances, Cutlery;House hold Items;Home Decorations","Home Accessories;Kitchen Appliances;Cafeteria;All the above","All the above","No","5","No","None of the above","None","Don't care","Yes","None","No","No","Dimensions, Size, Color","Don't care","No","Products","Company reports","5","No, continue with the existing brand","None"
"2020/11/02 8:13:53 PM GMT+2","madhivanan.cs@gmail.com","25 - 34","Male","5 years and above","Quarterly","Amazon","Online","Christmas eve, Holidays, Weekends etc","Kitchen Appliances, Cutlery","All the above","All the above","Yes","4","Yes","Returned the product and requested for refund","Yes, but only boycotted the sellers","Don't care","Yes","Raw materials used;Quality of the product;Fraudulent products","Yes","Yes","durability","Yes","Yes","Products","Company website","2","Switch to new brand","None"
"2020/11/02 8:36:34 PM GMT+2","antoine.margez@hotmail.fr","25 - 34","Male","3 - 5 years ago","Semi-annual","Amazon","Both","Winter","Furnitures;Kitchen Appliances, Cutlery","Home Decoration","Cost;Quality","Yes","5","No","None of the above","Yes, boycotted the retailer","Yes","No","Environmental Impact;Quality of the product","Yes","Yes","Dimensions, Size, Color","Yes","Yes","Company","Company website","2","Switch to new brand","None"
"2020/11/02 9:02:25 PM GMT+2","habibovazilia@gmail.com","35 - 54","Female","5 years and above","Depends on requirement","Amazon","Both","Fall","Furnitures","Furnitures, Bedroom","Quality","Yes","5","No","Returned the product and requested for refund","None","No","Yes","Manufacturing Location/Country;Environmental Impact;Work environment, Labour Laws of the local governments, Workers min wage;Child Labour in work force;Raw materials used;Quality of the product;Logistic details","Yes","Yes","Cost","Yes","Yes","Products","Product labels","1","Switch to new brand","None"
"2020/11/02 9:07:33 PM GMT+2","jestinejennica@gmail.com","15 - 24","Female","1 - 2 years ago","Depends on requirement","IKEA","Offline/Stores","Christmas eve, Holidays, Weekends etc","Furnitures;House hold Items;Home Decorations","Home Accessories;Home Decoration;Furnitures, Bedroom","All the above","Yes","2","No","None of the above","None","No","No","Environmental Impact;Raw materials used;Quality of the product","Yes","Yes","durability","Yes","Yes","Company","Company reports","1","Switch to new brand","Under environmental impact, I tend to examine the carbon impact of products because I'm trying to reduce my carbon footprint. It will also be interesting to have manufacturers/retailers display information on the amount of non-biodegradable materials in the product (specifically plastics and other synthetic materials)."
"2020/11/02 10:22:15 PM GMT+2","antoine.margez@hotmail.fr","25 - 34","Male","3 - 5 years ago","Semi-annual","Amazon","Both","Winter","Furnitures;Kitchen Appliances, Cutlery","Home Decoration","Cost;Quality","Yes","5","No","None of the above","Yes, boycotted the retailer","Yes","No","Environmental Impact;Quality of the product","Yes","Yes","Dimensions, Size, Color","Yes","Yes","Company","Company website","2","Switch to new brand","None"
"2020/11/02 10:33:39 PM GMT+2","chitranshu.4089@gmail.com","25 - 34","Male","5 years and above","Semi-annual","Amazon","Both","Christmas eve, Holidays, Weekends etc","Furnitures;Kitchen Appliances, Cutlery","Home Accessories","All the above","Yes","4","Yes","Returned the product and requested for refund","None","No","Yes","Environmental Impact;Work environment, Labour Laws of the local governments, Workers min wage;Child Labour in work force;Raw materials used;Quality of the product","Yes","Yes","raw materials used","Don't care","No","Products","Product labels","3","Switch to new brand","Environment impact. Recycling. "
"2020/11/03 12:20:36 AM GMT+2","ju.guerbois@gmail.com","25 - 34","Prefer Not to Say","3 - 5 years ago","once a month","Bovitch Mobilier","Offline/Stores","Every 2 weeks","Home Decorations;Food","Cafeteria","Dimensions, Shapes and Colors","No","5","Yes","Kept the products without complaining to anyone","Yes, boycotted the retailer","Don't care","No","Work environment, Labour Laws of the local governments, Workers min wage","No","No","adhesives, lacquers, vinyl and synthetic fabrics","Don't care","No","Products","Advertisement","5","No, continue with the existing brand","I always buy from Bovitch Production"
"2020/11/03 2:29:04 AM GMT+2","jeand_0604@hotmail.com","25 - 34","Male","2 - 3 years ago","Depends on requirement","I live in another country","Offline/Stores","Winter","Furnitures","Furnitures, Bedroom","Quality","Yes","2","Yes","None of the above","None","Don't care","No","Raw materials used;Quality of the product","Yes","No","Cost","Don't care","Yes","Company","Company website","5","No, continue with the existing brand","None"
"2020/11/03 6:04:17 AM GMT+2","sallamuddin1982@gmail.com","35 - 54","Male","5 years and above","Quarterly","Amazon","Both","Winter","Furnitures;Kitchen Appliances, Cutlery;House hold Items;Home Decorations","Home Accessories;Kitchen Appliances;Home Decoration","All the above","Yes","2","Yes","Returned the product and requested for refund","Yes, but only boycotted the manufacturer","Yes","Yes","Manufacturing Location/Country;Environmental Impact;Child Labour in work force;Raw materials used;Quality of the product;Fraudulent products","Yes","Yes","raw materials used","No","No","Products","Company website","3","Switch to new brand","None"
"2020/11/03 12:18:13 PM GMT+2","jarap3@hotmail.com","25 - 34","Female","< 1 year ago","Annually","IKEA","Offline/Stores","Spring","Furnitures;Home Decorations","Kitchen Appliances","Cost;Quality","No","2","No","None of the above","None","No","Yes","Manufacturing Location/Country;Raw materials used;Quality of the product","No","Yes","raw materials used","Don't care","No","Company","Company reports","3","No, continue with the existing brand","Any Material changes over years for tue same product"
"2020/11/03 3:27:32 PM GMT+2","ginkobab@gmail.com","15 - 24","Male","< 1 year ago","Depends on requirement","IKEA","Offline/Stores","Summer","Kitchen Appliances, Cutlery","Home Accessories;Kitchen Appliances","Cost;Quality","Yes","5","Yes","Returned the product and requested for refund","None","No","Yes","Manufacturing Location/Country;Environmental Impact;Work environment, Labour Laws of the local governments, Workers min wage;Child Labour in work force;Raw materials used;Quality of the product;Logistic details","Yes","Yes","raw materials used","Yes","Yes","Products","Product labels","1","Switch to new brand","None"
"2020/11/04 8:40:39 AM GMT+2","zigatron9@gmail.com","35 - 54","Female","5 years and above","Depends on requirement","Darty for appliances, cuir center for leather furniture, atlas for wood furniture ","Both","Related to life events","House hold Items;Home Decorations","Home Decoration","All the above","Yes","2","Yes","Returned the product and requested for refund","None","Yes","Yes","Manufacturing Location/Country;Environmental Impact;Raw materials used;Quality of the product;Logistic details","Yes","Yes","Cost","Yes","Yes","Company","Company website","1","Switch to new brand","Accreditation labels "
"2020/11/04 10:55:26 AM GMT+2","ndoumbeshiro@gmail.com","25 - 34","Male","5 years and above","Semi-annual","IKEA","Offline/Stores","Summer","Furnitures;Kitchen Appliances, Cutlery;House hold Items;Home Decorations","Home Accessories;Kitchen Appliances;Home Decoration;Furnitures, Bedroom","Cost;Warranty, Guarantee;Quality;Dimensions, Shapes and Colors","Yes","1","No","None of the above","None","Yes","Yes","Quality of the product;Fraudulent products","Yes","Yes","durability","Yes","Yes","Products","Instore, POS","5","No, continue with the existing brand","Description of the product and notice"
"2020/11/04 1:46:36 PM GMT+2","ivdrag0@ya.ru","15 - 24","Female","1 - 2 years ago","Depends on requirement","IKEA","Offline/Stores","Winter","Furnitures;Kitchen Appliances, Cutlery","Home Accessories;Home Decoration","Cost;Quality","Yes","4","No","Returned the product and requested for refund","None","Yes","Yes","Manufacturing Location/Country;Environmental Impact;Child Labour in work force;Quality of the product","Yes","Yes","Cost","Yes","Yes","Products","Company website","3","No, continue with the existing brand","None"
"2020/11/04 1:56:10 PM GMT+2","rkosar55@gmail.com","15 - 24","Female","3 - 5 years ago","Annually","IKEA","Offline/Stores","Christmas eve, Holidays, Weekends etc","Kitchen Appliances, Cutlery;House hold Items","All the above","Cost;Quality;Dimensions, Shapes and Colors","Yes","4","No","None of the above","None","Don't care","Yes","Manufacturing Location/Country;Raw materials used;Quality of the product","Yes","Yes","Cost","Don't care","Yes","Products","Company website","4","No, continue with the existing brand","None"
"2020/11/04 9:13:06 PM GMT+2","t.sokagnna@yahoo.com","15 - 24","Female","3 - 5 years ago","Depends on requirement","AliExpress, KiK, H&M home","Both","Depends on requirement ","Kitchen Appliances, Cutlery;House hold Items;Home Decorations;Food","Home Accessories;Kitchen Appliances;Home Decoration","Cost;Quality","Yes","3","Yes","Kept the products without complaining to anyone","Yes, boycotted all of them","No","Yes","Manufacturing Location/Country;Quality of the product","Yes","Yes","Cost","Yes","Yes","Company","Product labels","1","Switch to new brand","None"
"2020/11/04 9:42:14 PM GMT+2","t.sokagnna@yahoo.com","15 - 24","Female","3 - 5 years ago","Depends on requirement","AliExpress, KiK, H&M home","Both","Depends on requirement ","Kitchen Appliances, Cutlery;House hold Items;Home Decorations;Food","Home Accessories;Kitchen Appliances;Home Decoration","Cost;Quality","Yes","3","Yes","Kept the products without complaining to anyone","Yes, boycotted all of them","No","Yes","Manufacturing Location/Country;Quality of the product","Yes","Yes","Cost","Yes","Yes","Company","Product labels","1","Switch to new brand","None"
"2020/11/05 5:04:38 PM GMT+2","sankar.cs@outlook.com","25 - 34","Male","5 years and above","once a month","Amazon","Online","When it is required","Furnitures;Kitchen Appliances, Cutlery","Home Accessories;Kitchen Appliances;Home Decoration","Quality","Yes","3","No","Returned the product and requested for refund","Yes, boycotted the retailer","Don't care","Yes","Manufacturing Location/Country;Raw materials used;Quality of the product;Fraudulent products","Yes","No","raw materials used","Yes","Yes","Products","Product labels","2","Switch to new brand","Base value of product cost. "
"2020/11/05 10:57:04 PM GMT+2","mahdouch97@live.com","15 - 24","Male","< 1 year ago","Quarterly","Amazon","Both","Fall","Furnitures;House hold Items","Furnitures, Bedroom","Cost;Quality;Dimensions, Shapes and Colors","Yes","4","Yes","Kept the products without complaining to anyone","Yes, boycotted all of them","No","Yes","Manufacturing Location/Country;Environmental Impact;Work environment, Labour Laws of the local governments, Workers min wage;Child Labour in work force","Yes","Yes","Cost","Yes","Yes","Company","Product labels","1","Switch to new brand","None"
"2020/11/06 7:08:52 PM GMT+2","zigatron9@gmail.com","35 - 54","Female","5 years and above","Depends on requirement","Darty for appliances, cuir center for leather furniture, atlas for wood furniture ","Both","Related to life events","House hold Items;Home Decorations","Home Decoration","All the above","Yes","2","Yes","Returned the product and requested for refund","None","Yes","Yes","Manufacturing Location/Country;Environmental Impact;Raw materials used;Quality of the product;Logistic details","Yes","Yes","Cost","Yes","Yes","Company","Company website","1","Switch to new brand","Accreditation labels "
"2020/11/08 10:00:03 PM GMT+2","anuragg7@gmail.com","25 - 34","Male","5 years and above","once a month","Amazon","Online","Winter","Home Decorations","Home Accessories;Home Decoration;Furnitures, Bedroom","Cost;Quality","Yes","2","Yes","Returned the product and requested for refund","None","No","No","Manufacturing Location/Country;Environmental Impact;Quality of the product;Fraudulent products","Yes","Yes","durability","Yes","No","Products","Product labels","2","Switch to new brand","None"
"2020/11/09 4:42:25 PM GMT+2","st.teffy.25cl15@gmail.com","15 - 24","Female","2 - 3 years ago","Quarterly","IKEA","Both","Fall","Furnitures;Kitchen Appliances, Cutlery","Home Accessories;Kitchen Appliances;Furnitures, Bedroom","All the above","Yes","4","Yes","Returned the product and requested for refund","None","No","No","Environmental Impact;Work environment, Labour Laws of the local governments, Workers min wage","Yes","Yes","Cost","Don't care","Yes","Products","Company website","4","Switch to new brand","None"
"2020/11/09 6:22:22 PM GMT+2","vananh.nghoang@gmail.com","25 - 34","Female","1 - 2 years ago","Depends on requirement","IKEA","Both","Christmas eve, Holidays, Weekends etc","Home Decorations","Kitchen Appliances;Home Decoration;Furnitures, Bedroom","All the above","Yes","4","Yes","Returned the product and requested for refund","None","No","No","Manufacturing Location/Country;Environmental Impact;Raw materials used;Quality of the product","Yes","Yes","Dimensions, Size, Color","No","No","Products","Company website","1","Switch to new brand","None"
"2020/11/11 2:18:21 AM GMT+2","mail2papun@yahoo.com","25 - 34","Male","2 - 3 years ago","Semi-annual","Amazon","Both","Christmas eve, Holidays, Weekends etc","Furnitures;Kitchen Appliances, Cutlery;House hold Items","Kitchen Appliances;Home Decoration","Cost;Quality","Yes","3","Yes","Returned the product and requested for refund","Yes, but only boycotted the sellers","Don't care","No","Manufacturing Location/Country;Quality of the product;Logistic details","Yes","Yes","Cost","Yes","Yes","Company","Company website","3","Switch to new brand","None"
"2020/11/11 7:44:49 PM GMT+2","apurvtri@gmail.com","25 - 34","Male","2 - 3 years ago","Quarterly","Amazon","Online","Summer","Furnitures","Home Accessories;Home Decoration;Furnitures, Bedroom","Cost;Warranty, Guarantee;Quality","Yes","2","No","None of the above","None","Don't care","No","Quality of the product;Fraudulent products","Yes","No","durability","Don't care","No","Products","Product labels","5","No, continue with the existing brand","None"
"2020/11/11 8:06:28 PM GMT+2","sriraam.ap001@gmail.com","15 - 24","Male","5 years and above","Depends on requirement","Amazon","Both","Winter","Home Decorations","Home Accessories","All the above","Yes","3","No","Returned the product and requested for refund","Yes, boycotted all of them","No","Yes","Raw materials used;Quality of the product;Logistic details;Fraudulent products","No","No","raw materials used","Yes","Yes","Products","Company website","3","Switch to new brand","None"
"2020/11/12 6:07:37 AM GMT+2","manimaran89@gmail.com","25 - 34","Male","5 years and above","Depends on requirement","Amazon","Online","Winter","Toys & Play","Home Decoration","Quality","Yes","5","No","None of the above","Yes, boycotted the retailer","Yes","No","Manufacturing Location/Country;Raw materials used;Quality of the product;Logistic details","Yes","Yes","durability","No","Yes","Company","Advertisement","3","Switch to new brand","Trust"
"2020/11/12 6:11:02 AM GMT+2","karthic.winning@gmail.com","35 - 54","Male","2 - 3 years ago","Semi-annual","Roche bobois","Offline/Stores","Spring","Kitchen Appliances, Cutlery;Home Decorations","All the above","Warranty, Guarantee;Dimensions, Shapes and Colors","No","4","No","Returned the product and requested for refund","Yes, but only boycotted the sellers","Yes","Yes","Environmental Impact;Raw materials used;Quality of the product","Yes","No","adhesives, lacquers, vinyl and synthetic fabrics","Yes","Yes","Company","Company website","3","No, continue with the existing brand","Appropriate Price"
"2020/11/12 6:12:56 AM GMT+2","shinysarojini94@gmail.com","25 - 34","Female","3 - 5 years ago","Depends on requirement","Amazon","Both","Christmas eve, Holidays, Weekends etc","Furnitures;House hold Items","Kitchen Appliances;Home Decoration","Cost;Warranty, Guarantee","No","5","Yes","Updated customer review in online platforms","Yes, but only boycotted the manufacturer","No","No","Manufacturing Location/Country;Environmental Impact;Quality of the product","No","No","Cost","Yes","Yes","Company","Instore, POS","3","Switch to new brand","Durability"
"2020/11/12 6:14:55 AM GMT+2","syedabdulla610@gmail.com","25 - 34","Male","1 - 2 years ago","once a month","Roset Line","Offline/Stores","Spring","Kitchen Appliances, Cutlery;Home Decorations","Home Accessories;Cafeteria","Warranty, Guarantee;Quality","Yes","3","No","Kept the products without complaining to anyone","Yes, boycotted the retailer","No","No","Manufacturing Location/Country;Raw materials used","No","Yes","durability","Yes","No","Company","Company website","3","Switch to new brand","Portability "
"2020/11/12 6:17:29 AM GMT+2","p.radhikamba@gmail.com","35 - 54","Female","5 years and above","Quarterly","Roset Line","Both","All","Kitchen Appliances, Cutlery;House hold Items","Kitchen Appliances;Kids Furnitures","Cost;Warranty, Guarantee","Yes","5","Yes","Updated customer review in online platforms","Yes, but only boycotted the sellers","Don't care","No","Manufacturing Location/Country;Raw materials used;Logistic details","Yes","Yes","raw materials used","No","No","Products","Company website","3","No, continue with the existing brand","Material used"
"2020/11/12 6:18:59 AM GMT+2","madhumdlk5@gmail.com","25 - 34","Female","1 - 2 years ago","Annually","Amazon","Both","Christmas eve, Holidays, Weekends etc","Kitchen Appliances, Cutlery;Toys & Play","Kitchen Appliances;Furnitures, Bedroom;Kids Furnitures","All the above","Yes","3","Yes","Returned the product and requested for refund","Yes, boycotted the retailer","No","No","Manufacturing Location/Country;Raw materials used;Quality of the product","No","No","Dimensions, Size, Color","Yes","Yes","Products","Advertisement","5","Switch to new brand","None"
"2020/11/12 7:14:15 AM GMT+2","itjay07@gmail.com","15 - 24","Male","3 - 5 years ago","Depends on requirement","IKEA","Both","Christmas eve, Holidays, Weekends etc","Furnitures;House hold Items;Home Decorations;Food","All the above","Warranty, Guarantee;Quality;Dimensions, Shapes and Colors","Yes","3","Yes","Returned the product and requested for refund","Yes, but only boycotted the manufacturer","No","No","Raw materials used;Quality of the product;Fraudulent products","Yes","Yes","Dimensions, Size, Color","Yes","Yes","Company","Instore, POS","3","No, continue with the existing brand","Efficiency "
"2020/11/12 8:54:28 AM GMT+2","palvinder.iet@gmail.com","25 - 34","Female","5 years and above","Semi-annual","Amazon","Both","When requirement comes","House hold Items;Food","Cafeteria","All the above","Yes","4","No","None of the above","None","No","Yes","Manufacturing Location/Country;Environmental Impact;Raw materials used;Quality of the product","Yes","Yes","raw materials used","Yes","Yes","Products","Product labels","5","Switch to new brand","None"
"2020/11/12 4:18:37 PM GMT+2","miandasm123@gmail.com","55 and above","Male","< 1 year ago","Quarterly","IKEA","Offline/Stores","Spring","House hold Items;Toys & Play","Kitchen Appliances;Furnitures, Bedroom","Warranty, Guarantee;Quality","No","3","No","Updated customer review in online platforms","Yes, but only boycotted the manufacturer","Yes","Yes","Environmental Impact;Raw materials used;Logistic details","Yes","Yes","Dimensions, Size, Color","No","Yes","Company","Company website","3","Switch to new brand","None"
"2020/11/12 4:20:20 PM GMT+2","mshannmugam@mobileiron.com","15 - 24","Male","1 - 2 years ago","Semi-annual","MOBILIER DE FRANCE","Offline/Stores","Winter","Kitchen Appliances, Cutlery","Home Decoration","Quality","No","2","No","Updated customer review in online platforms","Yes, but only boycotted the sellers","Yes","Yes","Environmental Impact;Quality of the product","Yes","Yes","Dimensions, Size, Color","Yes","Yes","Company","Company website","2","Switch to new brand","None"
"2020/11/12 4:21:41 PM GMT+2","iron.mobile50@gmail.com","35 - 54","Female","2 - 3 years ago","Semi-annual","IKEA","Online","Fall","Kitchen Appliances, Cutlery;House hold Items","Kitchen Appliances;Kids Furnitures","Warranty, Guarantee;Dimensions, Shapes and Colors","Yes","2","Yes","Returned the product and requested for refund","Yes, boycotted the retailer","No","Yes","Environmental Impact;Raw materials used","Yes","Yes","adhesives, lacquers, vinyl and synthetic fabrics","No","Yes","Company","Company website","3","Switch to new brand","None"
"2020/11/12 4:23:14 PM GMT+2","mihydlab@gmail.com","25 - 34","Female","2 - 3 years ago","once a month","BoConcept","Offline/Stores","Summer","Kitchen Appliances, Cutlery;Home Decorations","Kitchen Appliances;Kids Furnitures","Warranty, Guarantee;Dimensions, Shapes and Colors","Yes","2","Yes","Kept the products without complaining to anyone","Yes, boycotted both the seller and the manufacturer, but not the retailer","Yes","No","Environmental Impact;Quality of the product;Logistic details","Yes","No","Dimensions, Size, Color","Yes","No","Products","Company website","2","Switch to new brand","Cost"
"2020/11/12 4:25:38 PM GMT+2","madhi.cs@gmail.com","15 - 24","Male","1 - 2 years ago","Annually","Roche bobois","Both","Christmas eve, Holidays, Weekends etc","Home Decorations","Kids Furnitures","Quality","Yes","4","No","Returned the product and requested for refund","Yes, but only boycotted the sellers","Yes","Yes","Manufacturing Location/Country;Raw materials used","Yes","Yes","raw materials used","Yes","No","Company","Product labels","3","No, continue with the existing brand","None"
"2020/11/12 4:29:34 PM GMT+2","ramesh.kt@gmail.com","15 - 24","Male","2 - 3 years ago","Quarterly","Maisons du Monde","Offline/Stores","Winter","House hold Items","Kitchen Appliances;Home Decoration","Warranty, Guarantee","Yes","2","Yes","Returned the product and requested for refund","Yes, but only boycotted the sellers","Yes","Yes","Environmental Impact;Quality of the product","Yes","No","Dimensions, Size, Color","Yes","Yes","Company","Instore, POS","2","Switch to new brand","None"
"2020/11/12 4:30:47 PM GMT+2","preethi.ani45@gmail.com","25 - 34","Female","3 - 5 years ago","Depends on requirement","Maisons du Monde","Online","Fall","Kitchen Appliances, Cutlery;Food","All the above","Warranty, Guarantee;Quality","Yes","4","Yes","None of the above","Yes, but only boycotted the manufacturer","No","No","Environmental Impact;Work environment, Labour Laws of the local governments, Workers min wage;Child Labour in work force;Raw materials used;Quality of the product","No","No","raw materials used","No","Yes","Company","Company website","4","Switch to new brand","None"
"2020/11/12 4:31:55 PM GMT+2","rahul.samson@gmail.com","55 and above","Male","1 - 2 years ago","Quarterly","MOBILIER DE FRANCE","Online","Summer","Furnitures;House hold Items","Kitchen Appliances;Cafeteria","Warranty, Guarantee;Dimensions, Shapes and Colors","Yes","3","No","Updated customer review in online platforms","Yes, but only boycotted the sellers","No","No","Manufacturing Location/Country;Environmental Impact;Work environment, Labour Laws of the local governments, Workers min wage","No","No","Dimensions, Size, Color","Yes","Yes","Products","Instore, POS","4","No, continue with the existing brand","None"
"2020/11/12 4:33:44 PM GMT+2","sahanaraj56@gmail.com","25 - 34","Female","5 years and above","Semi-annual","IKEA","Offline/Stores","Christmas eve, Holidays, Weekends etc","Kitchen Appliances, Cutlery;House hold Items;Food","Kitchen Appliances;Kids Furnitures;Cafeteria","All the above","No","4","No","Updated customer review in online platforms","Yes, boycotted the retailer","No","No","Raw materials used;Quality of the product","No","Yes","adhesives, lacquers, vinyl and synthetic fabrics","Don't care","No","Products","Advertisement","5","No, continue with the existing brand","Multiple Colors"
"2020/11/12 4:36:28 PM GMT+2","Vanishree_ks@gmail.com","35 - 54","Female","2 - 3 years ago","Annually","Amazon","Both","Christmas eve, Holidays, Weekends etc","Furnitures;Kitchen Appliances, Cutlery;House hold Items;Toys & Play;Home Decorations;Food","Home Accessories;Home Decoration;Furnitures, Bedroom","Warranty, Guarantee;Quality","No","5","No","None of the above","Yes, but only boycotted the manufacturer","No","No","Manufacturing Location/Country;Environmental Impact;Work environment, Labour Laws of the local governments, Workers min wage;Raw materials used","No","No","Cost","Yes","Yes","Products","Advertisement","5","No, continue with the existing brand","None"
"2020/11/12 4:37:00 PM GMT+2","monnommia@gmail.com","25 - 34","Female","5 years and above","Depends on requirement","IKEA","Offline/Stores","When I want or need sth","Furnitures;Kitchen Appliances, Cutlery;House hold Items;Toys & Play;Home Decorations;Food","Home Accessories;Home Decoration;Furnitures, Bedroom;Cafeteria","All the above","Yes","2","Yes","Returned the product and requested for refund","Yes, boycotted all of them","No","No","Manufacturing Location/Country;Environmental Impact;Work environment, Labour Laws of the local governments, Workers min wage;Child Labour in work force;Raw materials used;Quality of the product;Logistic details;Fraudulent products","Yes","Yes","raw materials used","Yes","Yes","Products","Company website","1","Switch to new brand","None"
"2020/11/12 4:41:37 PM GMT+2","aliaksandr.34@gmail.com","35 - 54","Male","1 - 2 years ago","Semi-annual","IKEA","Both","Spring","Furnitures;Kitchen Appliances, Cutlery;Food","Home Accessories;Home Decoration","Cost;Quality","No","4","No","Returned the product and requested for refund","Yes, but only boycotted the sellers","No","No","Work environment, Labour Laws of the local governments, Workers min wage;Child Labour in work force;Quality of the product","No","No","Dimensions, Size, Color","No","No","Products","Company website","3","No, continue with the existing brand","None"
"2020/11/12 4:42:31 PM GMT+2","sankar.shanmugamc@gmail.com","15 - 24","Female","< 1 year ago","Depends on requirement","MOBILIER DE FRANCE","Offline/Stores","Christmas eve, Holidays, Weekends etc","House hold Items;Home Decorations","Kitchen Appliances;Home Decoration;Kids Furnitures;Cafeteria","Cost","No","4","Yes","Kept the products without complaining to anyone","Yes, boycotted the retailer","Yes","Yes","Raw materials used;Logistic details;Fraudulent products","Yes","No","adhesives, lacquers, vinyl and synthetic fabrics","Yes","Yes","Company","Company website","5","Switch to new brand","None"
"2020/11/12 4:44:34 PM GMT+2","sankar.cs@outlook.com","35 - 54","Male","1 - 2 years ago","once a month","Maisons du Monde","Online","Winter","Furnitures;Kitchen Appliances, Cutlery;House hold Items;Toys & Play;Home Decorations;Food","Home Accessories;Kitchen Appliances;Home Decoration;Furnitures, Bedroom;Kids Furnitures;Cafeteria;All the above","Warranty, Guarantee;Dimensions, Shapes and Colors","No","4","Yes","Updated customer review in online platforms","Yes, boycotted the retailer","No","Yes","Child Labour in work force;Quality of the product;Logistic details","No","Yes","raw materials used","Yes","Yes","Company","Product labels","5","Switch to new brand","None"
"2020/11/12 4:44:38 PM GMT+2","himanshu.agarwal@gmail.com","35 - 54","Male","2 - 3 years ago","Depends on requirement","IKEA","Both","Christmas eve, Holidays, Weekends etc","Kitchen Appliances, Cutlery;House hold Items","Home Accessories;Furnitures, Bedroom;Kids Furnitures;All the above","Warranty, Guarantee;Dimensions, Shapes and Colors","No","4","No","Updated customer review in online platforms","Yes, but only boycotted the sellers","Don't care","No","Manufacturing Location/Country;Environmental Impact","Yes","Yes","adhesives, lacquers, vinyl and synthetic fabrics","No","No","Company","Company website","2","Switch to new brand","None"
"2020/11/12 4:46:04 PM GMT+2","artsemi.kuharu@gmail.com","25 - 34","Male","1 - 2 years ago","once a month","IKEA","Both","Christmas eve, Holidays, Weekends etc","House hold Items;Toys & Play;Home Decorations","Kitchen Appliances;Furnitures, Bedroom","Cost;Warranty, Guarantee","No","2","No","Updated customer review in online platforms","Yes, but only boycotted the manufacturer","Don't care","No","Manufacturing Location/Country;Environmental Impact;Work environment, Labour Laws of the local governments, Workers min wage","No","No","adhesives, lacquers, vinyl and synthetic fabrics","No","No","Products","Company website","3","Switch to new brand","None"
"2020/11/12 4:47:46 PM GMT+2","bhumika_23@gmail.com","15 - 24","Female","5 years and above","Depends on requirement","Amazon","Both","Spring","Kitchen Appliances, Cutlery;Home Decorations","All the above","All the above","No","3","No","Returned the product and requested for refund","Yes, boycotted the retailer","No","Yes","Work environment, Labour Laws of the local governments, Workers min wage;Child Labour in work force;Quality of the product","No","No","Dimensions, Size, Color","Don't care","No","Products","Company website","4","No, continue with the existing brand","None"
"2020/11/12 4:49:26 PM GMT+2","ravitej.samrala@gmail.com","35 - 54","Male","3 - 5 years ago","Semi-annual","Amazon","Both","Spring","Kitchen Appliances, Cutlery;House hold Items;Food","Kitchen Appliances;Kids Furnitures","Quality;Dimensions, Shapes and Colors","No","3","No","Kept the products without complaining to anyone","Yes, but only boycotted the sellers","No","No","Environmental Impact;Work environment, Labour Laws of the local governments, Workers min wage","No","No","Cost","No","No","Products","Company website","5","No, continue with the existing brand","Origin of product"
"2020/11/12 4:50:36 PM GMT+2","abhi54_nikam@gmail.com","35 - 54","Male","5 years and above","Depends on requirement","Roche bobois","Both","Christmas eve, Holidays, Weekends etc","Kitchen Appliances, Cutlery;Toys & Play","Kitchen Appliances;Home Decoration;Kids Furnitures","Warranty, Guarantee;Dimensions, Shapes and Colors;All the above","No","4","No","Kept the products without complaining to anyone","Yes, but only boycotted the manufacturer","No","No","Environmental Impact;Work environment, Labour Laws of the local governments, Workers min wage;Raw materials used","Yes","No","raw materials used","Don't care","No","Products","Instore, POS","4","No, continue with the existing brand","None"
"2020/11/12 4:51:51 PM GMT+2","mukeshap44.as@gmail.com","25 - 34","Male","3 - 5 years ago","Semi-annual","IKEA","Both","Fall","Furnitures;Kitchen Appliances, Cutlery","Home Accessories;Kitchen Appliances","Warranty, Guarantee","No","5","No","Returned the product and requested for refund","Yes, but only boycotted the manufacturer","No","No","Environmental Impact;Work environment, Labour Laws of the local governments, Workers min wage","Yes","Yes","raw materials used","No","No","Products","Advertisement","5","No, continue with the existing brand","None"
"2020/11/12 4:52:37 PM GMT+2","schnvaidya@gmail.com","25 - 34","Male","2 - 3 years ago","Annually","Amazon","Both","Christmas eve, Holidays, Weekends etc","Furnitures","Home Accessories;Home Decoration;Furnitures, Bedroom","All the above","Yes","4","No","None of the above","None","Yes","Yes","Manufacturing Location/Country;Environmental Impact;Work environment, Labour Laws of the local governments, Workers min wage;Child Labour in work force;Raw materials used;Quality of the product","Yes","Yes","Cost","Yes","Yes","Products","Company website","3","Switch to new brand","None"
"2020/11/12 4:53:10 PM GMT+2","harshit.jain45@gmail.com","25 - 34","Male","3 - 5 years ago","Semi-annual","Maisons du Monde","Offline/Stores","Christmas eve, Holidays, Weekends etc","Toys & Play","Kids Furnitures","Quality","No","4","No","Kept the products without complaining to anyone","Yes, boycotted both the seller and the manufacturer, but not the retailer","No","No","Manufacturing Location/Country","No","No","Cost","Yes","Yes","Products","Instore, POS","5","Switch to new brand","None"
"2020/11/12 4:53:15 PM GMT+2","galerinart@gmail.com","15 - 24","Female","< 1 year ago","Depends on requirement","Maisons du Monde","Offline/Stores","Christmas eve, Holidays, Weekends etc","Kitchen Appliances, Cutlery;House hold Items;Home Decorations","Home Accessories;Kitchen Appliances;Home Decoration","Cost;Quality;Dimensions, Shapes and Colors","Yes","3","Yes","Returned the product and requested for refund","Yes, but only boycotted the sellers","Don't care","No","Environmental Impact;Child Labour in work force;Raw materials used;Quality of the product;Fraudulent products","Yes","Yes","raw materials used","Yes","Yes","Products","Company website","4","Switch to new brand","None"
"2020/11/12 4:54:41 PM GMT+2","soumyadeep.lahari@gmail.com","25 - 34","Male","1 - 2 years ago","Depends on requirement","Amazon","Both","Christmas eve, Holidays, Weekends etc","House hold Items;Toys & Play","Kitchen Appliances;Furnitures, Bedroom","Warranty, Guarantee;Quality","No","4","No","Updated customer review in online platforms","Yes, but only boycotted the manufacturer","No","No","Environmental Impact;Child Labour in work force","Yes","Yes","raw materials used","No","No","Products","Company website","4","Switch to new brand","None"
"2020/11/12 4:56:24 PM GMT+2","rorbertdowneyjr@gmail.com","15 - 24","Male","< 1 year ago","Depends on requirement","Amazon","Both","Christmas eve, Holidays, Weekends etc","House hold Items","Kitchen Appliances","Warranty, Guarantee","No","3","No","None of the above","None","Don't care","No","None","No","No","durability","Don't care","No","Products","Advertisement","3","No, continue with the existing brand","None"
"2020/11/12 4:58:56 PM GMT+2","bhuvana_33sk@gmail.com","15 - 24","Female","1 - 2 years ago","Quarterly","IKEA","Both","Christmas eve, Holidays, Weekends etc","Kitchen Appliances, Cutlery;House hold Items;Toys & Play","All the above","Cost;Warranty, Guarantee","No","2","Yes","Returned the product and requested for refund","Yes, but only boycotted the sellers","No","No","Environmental Impact;Logistic details","No","No","Cost","Don't care","No","Company","Company website","3","No, continue with the existing brand","None"
"2020/11/12 5:02:25 PM GMT+2","lol@lol.com","35 - 54","Male","5 years and above","Depends on requirement","Amazon","Both","Christmas eve, Holidays, Weekends etc","Furnitures;Kitchen Appliances, Cutlery;House hold Items;Toys & Play;Home Decorations;Food","All the above","All the above","Yes","3","No","None of the above","Yes, but only boycotted the sellers","No","No","Quality of the product","No","Yes","Cost","Yes","Yes","Company","Product labels","3","Switch to new brand","None"
"2020/11/12 5:04:10 PM GMT+2","aliaks_34@gmail.com","15 - 24","Male","2 - 3 years ago","once a month","MOBILIER DE FRANCE","Offline/Stores","Christmas eve, Holidays, Weekends etc","Furnitures;House hold Items","Home Accessories;Kids Furnitures","All the above","No","4","No","Returned the product and requested for refund","Yes, but only boycotted the sellers","Yes","No","Manufacturing Location/Country;Environmental Impact","No","No","Dimensions, Size, Color","Yes","No","Products","Company website","3","Switch to new brand","Stability"
"2020/11/12 5:05:58 PM GMT+2","vijay.ram11@gmail.com","55 and above","Male","5 years and above","once a month","Amazon","Both","Christmas eve, Holidays, Weekends etc","Furnitures;Kitchen Appliances, Cutlery","All the above","All the above","No","5","No","Kept the products without complaining to anyone","Yes, but only boycotted the manufacturer","No","No","Quality of the product;Logistic details","Yes","Yes","raw materials used","No","No","Products","Company website","5","No, continue with the existing brand","None"
"2020/11/12 5:07:18 PM GMT+2","santhoshkumar_soma@gmail.com","35 - 54","Male","5 years and above","Depends on requirement","Amazon","Both","Christmas eve, Holidays, Weekends etc","Furnitures;Kitchen Appliances, Cutlery","Kitchen Appliances;Home Decoration","Cost;Warranty, Guarantee","Yes","5","No","Returned the product and requested for refund","Yes, but only boycotted the sellers","Yes","No","Quality of the product;Logistic details","Yes","No","Dimensions, Size, Color","No","No","Company","Advertisement","4","No, continue with the existing brand","None"
"2020/11/12 5:08:44 PM GMT+2","gaffoor.sk99@gmail.com","25 - 34","Male","3 - 5 years ago","once a month","IKEA","Both","Christmas eve, Holidays, Weekends etc","Kitchen Appliances, Cutlery;Toys & Play","Home Decoration;Furnitures, Bedroom","Warranty, Guarantee;Quality","Yes","4","No","None of the above","Yes, but only boycotted the manufacturer","No","No","Raw materials used;Fraudulent products","No","No","Cost","Don't care","No","Products","Company website","3","No, continue with the existing brand","None"
"2020/11/12 5:09:50 PM GMT+2","kunjal.sharma@gmail.com","25 - 34","Female","5 years and above","once a month","Roset Line","Online","Christmas eve, Holidays, Weekends etc","Kitchen Appliances, Cutlery;House hold Items","Kitchen Appliances;Home Decoration","Cost;Quality","No","3","Yes","Kept the products without complaining to anyone","Yes, boycotted the retailer","No","No","Raw materials used;Logistic details","No","Yes","raw materials used","No","Yes","Company","Company website","5","No, continue with the existing brand","None"
"2020/11/12 5:11:19 PM GMT+2","onetwothree@gmsil.com","25 - 34","Male","5 years and above","Semi-annual","Amazon","Both","Christmas eve, Holidays, Weekends etc","Furnitures;House hold Items;Home Decorations","All the above","All the above","Yes","1","Yes","Returned the product and requested for refund","Yes, but only boycotted the manufacturer","Yes","Yes","Manufacturing Location/Country;Environmental Impact;Raw materials used;Quality of the product","Yes","Yes","Cost","Yes","No","Products","Advertisement","1","Switch to new brand","None"
"2020/11/12 5:12:54 PM GMT+2","ritesh.kumar02@gmail.com","25 - 34","Male","5 years and above","Quarterly","Amazon","Both","Christmas eve, Holidays, Weekends etc","Kitchen Appliances, Cutlery;House hold Items;Food","Home Accessories;Kitchen Appliances;Home Decoration","Cost;Warranty, Guarantee","No","4","Yes","Updated customer review in online platforms","Yes, but only boycotted the sellers","Don't care","No","Raw materials used;Logistic details;Fraudulent products","No","Yes","Dimensions, Size, Color","No","No","Company","Company website","5","No, continue with the existing brand","None"
"2020/11/12 5:18:27 PM GMT+2","chakri741@gmail.com","35 - 54","Male","5 years and above","Depends on requirement","Amazon","Both","Summer","Furnitures","Kids Furnitures","All the above","Yes","4","Yes","Returned the product and requested for refund","Yes, boycotted all of them","Yes","Yes","Quality of the product","Yes","Yes","Cost","Yes","Yes","Products","Product labels","1","Switch to new brand","None"
"2020/11/12 5:19:52 PM GMT+2","nukkali.gangam@gmail.com","25 - 34","Male","2 - 3 years ago","Quarterly","Roche bobois","Offline/Stores","Spring","Furnitures;Kitchen Appliances, Cutlery;House hold Items;Home Decorations;Food","Kitchen Appliances;Home Decoration;Furnitures, Bedroom","Cost;Warranty, Guarantee","Yes","2","No","Returned the product and requested for refund","Yes, boycotted all of them","No","No","Manufacturing Location/Country;Quality of the product;Logistic details","No","No","Dimensions, Size, Color","No","Yes","Company","Company website","5","No, continue with the existing brand","None"
"2020/11/12 5:21:19 PM GMT+2","mfazil_22@gmail.com","25 - 34","Male","3 - 5 years ago","Depends on requirement","BoConcept","Online","Christmas eve, Holidays, Weekends etc","Furnitures;Kitchen Appliances, Cutlery;House hold Items;Food","Home Accessories;Kitchen Appliances;Home Decoration;Furnitures, Bedroom","Cost;Warranty, Guarantee","Yes","4","Yes","Updated customer review in online platforms","None","Don't care","No","Raw materials used;Fraudulent products","Yes","No","Dimensions, Size, Color","No","Yes","Company","Instore, POS","3","No, continue with the existing brand","None"
"2020/11/12 5:23:24 PM GMT+2","betty.lee_gamble@gmail.com","15 - 24","Male","3 - 5 years ago","Semi-annual","MOBILIER DE FRANCE","Both","Spring","Kitchen Appliances, Cutlery;House hold Items","Home Decoration;Furnitures, Bedroom","Cost;Warranty, Guarantee;Quality","No","2","No","Returned the product and requested for refund","Yes, but only boycotted the manufacturer","No","No","Raw materials used;Quality of the product;Logistic details","No","Yes","raw materials used","No","Yes","Company","Advertisement","2","Switch to new brand","Variants"
"2020/11/12 5:24:43 PM GMT+2","dariia.zhyrova12@gmail.com","25 - 34","Female","5 years and above","Depends on requirement","France Canapé Haussmann - Paris 8ème","Both","Spring","Furnitures;Kitchen Appliances, Cutlery;Toys & Play","Kitchen Appliances;Furnitures, Bedroom","Warranty, Guarantee;Dimensions, Shapes and Colors","No","3","No","Returned the product and requested for refund","Yes, but only boycotted the sellers","No","No","Raw materials used;Quality of the product","No","No","Dimensions, Size, Color","No","No","Products","Advertisement","4","Switch to new brand","None"
"2020/11/12 5:40:23 PM GMT+2","atocudjoe@hotmail.co.uk","25 - 34","Male","1 - 2 years ago","Annually","IKEA","Both","Spring","Kitchen Appliances, Cutlery;House hold Items;Home Decorations","Home Accessories;Kitchen Appliances","All the above","No","1","No","None of the above","None","Don't care","No","Work environment, Labour Laws of the local governments, Workers min wage;Child Labour in work force","Yes","Yes","Cost","Don't care","Yes","Company","Instore, POS","5","No, continue with the existing brand","None"
"2020/11/12 5:44:09 PM GMT+2","ericdelore@gmail.com","15 - 24","Male","2 - 3 years ago","Semi-annual","MOBILIER DE FRANCE","Online","Fall","Furnitures;Kitchen Appliances, Cutlery","Home Accessories;Kitchen Appliances","Cost;Warranty, Guarantee","Yes","3","No","Kept the products without complaining to anyone","Yes, but only boycotted the sellers","No","No","Raw materials used;Quality of the product;Logistic details","No","Yes","Cost","No","Yes","Company","Company website","4","Switch to new brand","None"
"2020/11/12 5:45:34 PM GMT+2","ivan.fedun_roas@gmail.com","35 - 54","Female","2 - 3 years ago","Quarterly","Maisons du Monde","Both","Spring","Kitchen Appliances, Cutlery;House hold Items","Kitchen Appliances;Home Decoration;Furnitures, Bedroom","Warranty, Guarantee;Quality","No","3","No","Returned the product and requested for refund","Yes, but only boycotted the sellers","No","No","Child Labour in work force;Raw materials used","Yes","Yes","Dimensions, Size, Color","No","No","Products","Advertisement","2","Switch to new brand","None"
"2020/11/12 5:54:07 PM GMT+2","julianna.rhodes@gmail.com","25 - 34","Female","5 years and above","Depends on requirement","Roche bobois","Both","Christmas eve, Holidays, Weekends etc","Kitchen Appliances, Cutlery;House hold Items;Home Decorations","Home Decoration;Furnitures, Bedroom","Warranty, Guarantee;Quality","No","3","No","Updated customer review in online platforms","Yes, boycotted all of them","Don't care","No","Quality of the product;Logistic details;Fraudulent products","No","No","Cost","Yes","No","Company","Advertisement","4","Switch to new brand","None"
"2020/11/12 5:56:21 PM GMT+2","priya.sinha11@gmail.com","25 - 34","Female","2 - 3 years ago","Quarterly","Amazon","Both","Christmas eve, Holidays, Weekends etc","Kitchen Appliances, Cutlery;House hold Items;Toys & Play","Kitchen Appliances;Furnitures, Bedroom","Cost;Quality","No","3","No","Returned the product and requested for refund","Yes, but only boycotted the manufacturer","No","No","Raw materials used;Quality of the product","No","No","raw materials used","No","No","Company","Company website","3","Switch to new brand","None"
"2020/11/12 5:57:14 PM GMT+2","venkyskar@gmail.com","15 - 24","Male","1 - 2 years ago","Depends on requirement","Amazon","Offline/Stores","Christmas eve, Holidays, Weekends etc","Furnitures;Kitchen Appliances, Cutlery;House hold Items","Home Accessories;Kitchen Appliances;Home Decoration;Furnitures, Bedroom","All the above","Yes","1","Yes","Returned the product and requested for refund","Yes, but only boycotted the sellers","Yes","No","Manufacturing Location/Country;Environmental Impact;Work environment, Labour Laws of the local governments, Workers min wage;Child Labour in work force;Raw materials used;Quality of the product;Fraudulent products","Yes","No","Cost","Yes","No","Products","Advertisement","2","Switch to new brand","None"
"2020/11/12 5:59:22 PM GMT+2","dattran_cage@gmail.com","25 - 34","Male","5 years and above","Depends on requirement","Roche bobois","Both","Christmas eve, Holidays, Weekends etc","Furnitures;Kitchen Appliances, Cutlery","Home Accessories;Kitchen Appliances","Cost;Warranty, Guarantee","Yes","4","Yes","Kept the products without complaining to anyone","Yes, but only boycotted the manufacturer","No","No","Raw materials used;Quality of the product","No","No","Cost","Yes","Yes","Company","Product labels","3","No, continue with the existing brand","None"
"2020/11/12 6:00:48 PM GMT+2","sahaj.arora@gmail.com","25 - 34","Male","3 - 5 years ago","Semi-annual","Amazon","Both","Christmas eve, Holidays, Weekends etc","Kitchen Appliances, Cutlery;House hold Items;Toys & Play","Kitchen Appliances;Home Decoration;Furnitures, Bedroom","Warranty, Guarantee;Quality","No","3","No","Updated customer review in online platforms","Yes, but only boycotted the sellers","No","Yes","Quality of the product;Logistic details","Yes","Yes","Dimensions, Size, Color","Yes","Yes","Products","Advertisement","2","No, continue with the existing brand","None"
"2020/11/12 6:01:57 PM GMT+2","srimayi.girija@gmail.com","35 - 54","Female","2 - 3 years ago","Annually","Amazon","Both","Winter","Furnitures;Kitchen Appliances, Cutlery","Home Accessories;Furnitures, Bedroom","Cost;Warranty, Guarantee;Quality","No","4","No","Returned the product and requested for refund","Yes, but only boycotted the manufacturer","Don't care","No","Quality of the product;Logistic details;Fraudulent products","No","No","Dimensions, Size, Color","No","Yes","Company","Instore, POS","3","No, continue with the existing brand","None"
"2020/11/12 6:05:47 PM GMT+2","viktorianedzelskaya_nk@gmail.com","25 - 34","Female","5 years and above","Depends on requirement","Maisons du Monde","Both","Christmas eve, Holidays, Weekends etc","Kitchen Appliances, Cutlery;Home Decorations;Food","Kitchen Appliances;Furnitures, Bedroom;Cafeteria","Warranty, Guarantee;Quality;Dimensions, Shapes and Colors","Yes","3","No","Returned the product and requested for refund","Yes, but only boycotted the sellers","No","No","Raw materials used;Quality of the product;Logistic details","Yes","Yes","Dimensions, Size, Color","Yes","Yes","Company","Company website","3","Switch to new brand","None"
"2020/11/12 6:09:19 PM GMT+2","astha.chopra_33@gmail.com","25 - 34","Female","3 - 5 years ago","Depends on requirement","IKEA","Both","Christmas eve, Holidays, Weekends etc","Kitchen Appliances, Cutlery;House hold Items;Toys & Play","Home Accessories;Kitchen Appliances;Home Decoration","Warranty, Guarantee;Quality","No","2","No","Returned the product and requested for refund","Yes, but only boycotted the sellers","No","Yes","Raw materials used;Quality of the product;Logistic details","Yes","Yes","Dimensions, Size, Color","Yes","Yes","Company","Product labels","3","Switch to new brand","None"
"2020/11/12 6:11:34 PM GMT+2","stevemedin_franchie@gmail.com","35 - 54","Male","3 - 5 years ago","Depends on requirement","IKEA","Offline/Stores","Christmas eve, Holidays, Weekends etc","Kitchen Appliances, Cutlery;House hold Items;Toys & Play","Kitchen Appliances;Home Decoration","All the above","No","3","No","Returned the product and requested for refund","Yes, but only boycotted the manufacturer","Yes","No","Raw materials used;Quality of the product;Logistic details","Yes","Yes","raw materials used","No","Yes","Company","Company website","2","Switch to new brand","None"
"2020/11/12 6:12:36 PM GMT+2","swetha.methi_ss@gmail.com","35 - 54","Female","5 years and above","once a month","BoConcept","Both","Christmas eve, Holidays, Weekends etc","Kitchen Appliances, Cutlery;House hold Items","Home Accessories;Kitchen Appliances;Home Decoration","All the above","Yes","4","No","None of the above","Yes, but only boycotted the manufacturer","Yes","No","None","No","No","Cost","Yes","Yes","Company","Product labels","4","Switch to new brand","None"
"2020/11/12 6:14:13 PM GMT+2","shikaketan_lov112@gmail.com","25 - 34","Female","3 - 5 years ago","Semi-annual","Amazon","Online","Christmas eve, Holidays, Weekends etc","Furnitures;Kitchen Appliances, Cutlery;House hold Items","Kitchen Appliances;Furnitures, Bedroom;Cafeteria","Warranty, Guarantee;Quality","No","4","Yes","Kept the products without complaining to anyone","Yes, but only boycotted the sellers","No","Yes","Raw materials used;Quality of the product;Logistic details","No","Yes","Dimensions, Size, Color","No","No","Company","Advertisement","4","No, continue with the existing brand","Quality rating"
"2020/11/12 6:15:31 PM GMT+2","sandyperkins_312@gmail.com","25 - 34","Male","2 - 3 years ago","Depends on requirement","Amazon","Online","Christmas eve, Holidays, Weekends etc","Furnitures;House hold Items","Kitchen Appliances;Furnitures, Bedroom","Cost","No","3","Yes","Updated customer review in online platforms","Yes, but only boycotted the sellers","Yes","Yes","Raw materials used;Quality of the product;Logistic details","No","No","raw materials used","No","Yes","Company","Company website","4","Switch to new brand","None"
"2020/11/12 6:16:33 PM GMT+2","radhika.kasturi33@gmail.com","55 and above","Female","5 years and above","Quarterly","Roche bobois","Both","Christmas eve, Holidays, Weekends etc","Kitchen Appliances, Cutlery;Toys & Play;Home Decorations","Home Decoration;Kids Furnitures;Cafeteria","All the above","No","3","No","Updated customer review in online platforms","Yes, but only boycotted the manufacturer","Yes","No","None","No","Yes","Dimensions, Size, Color","Yes","Yes","Products","Advertisement","4","No, continue with the existing brand","None"
"2020/11/12 6:17:40 PM GMT+2","olga.zaitis1988@gmail.com","25 - 34","Female","5 years and above","Semi-annual","Roset Line","Both","Christmas eve, Holidays, Weekends etc","Furnitures;Kitchen Appliances, Cutlery;House hold Items","Home Accessories;Kitchen Appliances;Home Decoration","Cost;Warranty, Guarantee;Quality","No","3","Yes","Kept the products without complaining to anyone","Yes, boycotted the retailer","No","Yes","Raw materials used;Logistic details","No","Yes","Dimensions, Size, Color","Yes","Yes","Company","Product labels","4","Switch to new brand","None"
"2020/11/12 6:18:42 PM GMT+2","meerasrinivas22_siva@gmail.com","25 - 34","Female","3 - 5 years ago","Quarterly","Amazon","Both","Christmas eve, Holidays, Weekends etc","Furnitures;Kitchen Appliances, Cutlery;House hold Items","Home Accessories;Kitchen Appliances;Furnitures, Bedroom","All the above","No","4","Yes","Updated customer review in online platforms","Yes, but only boycotted the manufacturer","No","Yes","Quality of the product;Logistic details","Yes","No","Dimensions, Size, Color","Yes","Yes","Company","Advertisement","5","Switch to new brand","None"
"2020/11/12 6:19:11 PM GMT+2","monnommia@gmail.com","25 - 34","Female","5 years and above","Depends on requirement","IKEA","Offline/Stores","When I want or need sth","Furnitures;Kitchen Appliances, Cutlery;House hold Items;Toys & Play;Home Decorations;Food","Home Accessories;Home Decoration;Furnitures, Bedroom;Cafeteria","All the above","Yes","2","Yes","Returned the product and requested for refund","Yes, boycotted all of them","No","No","Manufacturing Location/Country;Environmental Impact;Work environment, Labour Laws of the local governments, Workers min wage;Child Labour in work force;Raw materials used;Quality of the product;Logistic details;Fraudulent products","Yes","Yes","raw materials used","Yes","Yes","Products","Company website","1","Switch to new brand","None"
"2020/11/12 6:19:55 PM GMT+2","jxavier11_rocks@gmail.com","35 - 54","Male","5 years and above","Depends on requirement","Amazon","Both","Winter","Furnitures;House hold Items;Home Decorations","Home Accessories;Home Decoration;Kids Furnitures","Warranty, Guarantee;Dimensions, Shapes and Colors","No","4","No","Updated customer review in online platforms","Yes, but only boycotted the manufacturer","No","No","Logistic details;Fraudulent products","Yes","No","raw materials used","Yes","No","Products","Advertisement","4","No, continue with the existing brand","None"
"2020/11/12 6:21:05 PM GMT+2","illya_geller@gmail.com","35 - 54","Female","3 - 5 years ago","Depends on requirement","Amazon","Both","Christmas eve, Holidays, Weekends etc","Kitchen Appliances, Cutlery;House hold Items;Toys & Play","Home Accessories;Kitchen Appliances;Home Decoration;Furnitures, Bedroom","All the above","Yes","4","Yes","Returned the product and requested for refund","Yes, but only boycotted the manufacturer","No","Yes","Raw materials used;Quality of the product;Logistic details","No","Yes","raw materials used","No","Yes","Company","Company website","4","Switch to new brand","None"
"2020/11/12 6:22:40 PM GMT+2","divya_bhanot86@gmail.com","35 - 54","Female","3 - 5 years ago","Semi-annual","MOBILIER DE FRANCE","Offline/Stores","Winter","House hold Items;Toys & Play;Food","Home Decoration;Kids Furnitures;All the above","All the above","No","4","Yes","Kept the products without complaining to anyone","Yes, boycotted both the seller and the manufacturer, but not the retailer","No","Yes","Raw materials used;Quality of the product;Logistic details","Yes","Yes","raw materials used","No","Yes","Company","Advertisement","4","Switch to new brand","None"
"2020/11/12 6:26:26 PM GMT+2","atul.nimje@gmail.com","25 - 34","Male","2 - 3 years ago","Depends on requirement","MOBILIER DE FRANCE","Offline/Stores","Fall","Kitchen Appliances, Cutlery;Toys & Play","Kitchen Appliances;Home Decoration;Kids Furnitures","Warranty, Guarantee;Dimensions, Shapes and Colors","No","4","Yes","Returned the product and requested for refund","Yes, but only boycotted the sellers","No","No","Raw materials used;Quality of the product;Logistic details","No","Yes","Dimensions, Size, Color","Yes","No","Company","Company website","4","Switch to new brand","None"
"2020/11/12 6:27:46 PM GMT+2","samyuktha.sam11@gmail.com","25 - 34","Female","5 years and above","Depends on requirement","Amazon","Both","Christmas eve, Holidays, Weekends etc","Furnitures;Toys & Play","Home Accessories;Kitchen Appliances;Home Decoration","Warranty, Guarantee;Quality","Yes","4","Yes","Updated customer review in online platforms","Yes, but only boycotted the sellers","No","Yes","Raw materials used;Quality of the product;Logistic details","Yes","Yes","raw materials used","Yes","Yes","Products","Company website","3","Switch to new brand","None"
"2020/11/12 6:29:26 PM GMT+2","11011830@stud.hochschule-heidelberg.de","25 - 34","Male","5 years and above","Depends on requirement","Amazon","Both","Christmas eve, Holidays, Weekends etc","Furnitures;Kitchen Appliances, Cutlery;House hold Items","All the above","All the above","Yes","2","No","Returned the product and requested for refund","Yes, but only boycotted the sellers","Yes","Yes","None","Yes","Yes","Cost","Yes","Yes","Company","Product labels","1","Switch to new brand","None"
"2020/11/12 6:31:51 PM GMT+2","kaviprashanth1992@gmail.com","35 - 54","Male","5 years and above","Depends on requirement","Flipkart","Both","Christmas eve, Holidays, Weekends etc","Furnitures;Kitchen Appliances, Cutlery;House hold Items;Food","Home Accessories;Kitchen Appliances;Furnitures, Bedroom;Cafeteria","All the above","Yes","3","Yes","Returned the product and requested for refund","None","No","Yes","Manufacturing Location/Country;Environmental Impact;Raw materials used;Quality of the product;Fraudulent products","Yes","Yes","adhesives, lacquers, vinyl and synthetic fabrics","Yes","Yes","Products","Product labels","2","Switch to new brand","Complete details of the ingredients used for product manufactring"
"2020/11/12 6:42:41 PM GMT+2","email@gmail.com","15 - 24","Male","1 - 2 years ago","Quarterly","Amazon","Online","Summer","Furnitures;Kitchen Appliances, Cutlery;House hold Items;Toys & Play;Home Decorations;Food","Home Decoration;Furnitures, Bedroom;Kids Furnitures","Warranty, Guarantee;Quality","Yes","3","Yes","Returned the product and requested for refund","Yes, but only boycotted the sellers","Yes","Yes","Manufacturing Location/Country","Yes","Yes","Cost","Yes","Yes","Company","Instore, POS","3","Switch to new brand","None"
"2020/11/12 6:59:08 PM GMT+2","santhiyaudhya1@gmail.com","15 - 24","Female","1 - 2 years ago","Depends on requirement","Flipkart","Both","Summer","House hold Items","Home Accessories","All the above","Yes","3","No","Updated customer review in online platforms","Yes, boycotted the retailer","Don't care","Yes","Quality of the product","Yes","No","Dimensions, Size, Color","Yes","Yes","Products","Product labels","3","Switch to new brand","None"
"2020/11/12 7:10:10 PM GMT+2","alexsebastian.cortes@gmail.com","15 - 24","Male","< 1 year ago","once a month","Amazon","Online","Summer","Furnitures;Kitchen Appliances, Cutlery;House hold Items;Home Decorations","Home Accessories;Home Decoration;Furnitures, Bedroom","Cost;Dimensions, Shapes and Colors","Yes","3","Yes","Returned the product and requested for refund","Yes, but only boycotted the sellers","Don't care","No","Quality of the product","Yes","No","Cost","Yes","Yes","Company","Company website","1","Switch to new brand","None"
"2020/11/12 8:09:05 PM GMT+2","ameethkumar01@gmail.com","15 - 24","Male","1 - 2 years ago","Quarterly","Amazon","Offline/Stores","Christmas eve, Holidays, Weekends etc","Kitchen Appliances, Cutlery","Home Accessories","Cost;Warranty, Guarantee","Yes","4","No","Returned the product and requested for refund","None","No","Yes","Environmental Impact;Child Labour in work force","Yes","Yes","raw materials used","Yes","Yes","Company","Company website","4","Switch to new brand","None"
"2020/11/12 8:13:50 PM GMT+2","vaish6358@gmail.com","15 - 24","Female","< 1 year ago","Depends on requirement","Amazon","Both","Christmas eve, Holidays, Weekends etc","House hold Items","Home Accessories;Home Decoration","All the above","Yes","2","No","Returned the product and requested for refund","Yes, but only boycotted the sellers","No","No","Quality of the product","Yes","Yes","raw materials used","No","Yes","Company","Instore, POS","4","Switch to new brand","None"
"2020/11/12 8:16:30 PM GMT+2","email@gmail.com","15 - 24","Male","1 - 2 years ago","Quarterly","Amazon","Online","Summer","Furnitures;Kitchen Appliances, Cutlery;House hold Items;Toys & Play;Home Decorations;Food","Home Decoration;Furnitures, Bedroom;Kids Furnitures","Warranty, Guarantee;Quality","Yes","3","Yes","Returned the product and requested for refund","Yes, but only boycotted the sellers","Yes","Yes","Manufacturing Location/Country","Yes","Yes","Cost","Yes","Yes","Company","Instore, POS","3","Switch to new brand","None"
"2020/11/12 9:02:16 PM GMT+2","srivatsacruz@gmail.com","35 - 54","Male","5 years and above","Depends on requirement","Amazon","Both","Fall","Furnitures","Furnitures, Bedroom","All the above","Yes","3","Yes","Returned the product and requested for refund","Yes, boycotted all of them","Don't care","No","Manufacturing Location/Country;Quality of the product","Yes","Yes","Cost","Don't care","No","Company","Company website","2","Switch to new brand","None"
"2020/11/12 9:14:21 PM GMT+2","palledmanjula@gmail.com","25 - 34","Female","2 - 3 years ago","once a month","Amazon","Both","Summer","House hold Items;Home Decorations;Food","Home Accessories","All the above","Yes","2","Yes","Returned the product and requested for refund","Yes, boycotted all of them","Yes","Yes","Environmental Impact;Raw materials used;Quality of the product","Yes","Yes","Cost","Yes","Yes","Products","Product labels","3","Switch to new brand","None"
"2020/11/12 10:27:01 PM GMT+2","c.mbenguee@gmail.com","25 - 34","Male","< 1 year ago","once a month","Amazon","Both","Winter","Kitchen Appliances, Cutlery","Home Decoration","All the above","Yes","4","No","None of the above","Yes, boycotted all of them","Yes","Yes","Environmental Impact","Yes","Yes","durability","Yes","Yes","Company","Advertisement","4","Switch to new brand","None"
"2020/11/12 11:48:25 PM GMT+2","yashawant.parab07@gmail.com","25 - 34","Male","5 years and above","once a month","Amazon","Online","Summer","Furnitures;House hold Items;Toys & Play;Home Decorations","Home Accessories;Home Decoration;Kids Furnitures;Cafeteria","Cost;Warranty, Guarantee;Quality","Yes","4","Yes","Updated customer review in online platforms","Yes, but only boycotted the manufacturer","No","No","Work environment, Labour Laws of the local governments, Workers min wage;Child Labour in work force","No","No","adhesives, lacquers, vinyl and synthetic fabrics","No","No","Company","Advertisement","2","No, continue with the existing brand","None"
"2020/11/13 2:16:22 AM GMT+2","onetwothree@gmsil.com","25 - 34","Male","5 years and above","Semi-annual","Amazon","Both","Christmas eve, Holidays, Weekends etc","Furnitures;House hold Items;Home Decorations","All the above","All the above","Yes","1","Yes","Returned the product and requested for refund","Yes, but only boycotted the manufacturer","Yes","Yes","Manufacturing Location/Country;Environmental Impact;Raw materials used;Quality of the product","Yes","Yes","Cost","Yes","No","Products","Advertisement","1","Switch to new brand","None"
"2020/11/13 3:48:15 AM GMT+2","jayavelrajkumar@gmail.com","15 - 24","Male","< 1 year ago","Depends on requirement","Amazon","Both","Spring","Home Decorations","Cafeteria","Quality;All the above","Yes","4","No","Returned the product and requested for refund","None","Yes","Yes","Quality of the product","No","Yes","Dimensions, Size, Color","Yes","Yes","Company","Company website","3","Switch to new brand","None"
"2020/11/13 10:25:31 AM GMT+2","sid.venkat1988@gmail.com","25 - 34","Male","5 years and above","Depends on requirement","No preferences","Both","Depends on the requirement","Food","Cafeteria","Quality","Yes","2","No","None of the above","None","Don't care","Yes","Manufacturing Location/Country;Raw materials used;Quality of the product","Yes","Yes","durability","Yes","Yes","Company","Product labels","2","Switch to new brand","None"
"2020/11/13 11:14:44 AM GMT+2","suruthika224@gmail.com","15 - 24","Female","< 1 year ago","Depends on requirement","Amazon","Both","Christmas eve, Holidays, Weekends etc","Furnitures;Kitchen Appliances, Cutlery;Home Decorations","All the above","All the above","Yes","3","Yes","Returned the product and requested for refund","None","No","Yes","Manufacturing Location/Country;Environmental Impact;Raw materials used;Quality of the product;Logistic details;Fraudulent products","Yes","Yes","Cost","Don't care","Yes","Products","Advertisement","3","Switch to new brand","None"
"2020/11/13 11:47:24 AM GMT+2","nithinksn7@gmail.com","25 - 34","Male","5 years and above","Semi-annual","Amazon","Online","Winter","Furnitures;Kitchen Appliances, Cutlery;House hold Items","Home Accessories;Kitchen Appliances;Furnitures, Bedroom","All the above","Yes","4","Yes","Returned the product and requested for refund","Yes, boycotted the retailer","Yes","No","Manufacturing Location/Country;Environmental Impact;Work environment, Labour Laws of the local governments, Workers min wage;Child Labour in work force;Raw materials used;Quality of the product;Logistic details;Fraudulent products","Yes","Yes","raw materials used","Yes","Yes","Products","Company website","4","Switch to new brand","None"
"2020/11/13 1:36:48 PM GMT+2","ankiuj5@gmail.com","25 - 34","Male","3 - 5 years ago","Quarterly","IKEA","Both","Summer","House hold Items","All the above","All the above","Yes","4","No","Returned the product and requested for refund","None","No","No","Manufacturing Location/Country;Environmental Impact;Raw materials used;Quality of the product","Yes","Yes","Cost","Yes","Yes","Products","Product labels","2","Switch to new brand","None"
"2020/11/13 5:38:45 PM GMT+2","matthew.lauver@gmail.com","35 - 54","Male","3 - 5 years ago","Depends on requirement","Best Buy for appliances","Both","When it is needed, during some holiday sales","Furnitures;House hold Items;Home Decorations","Home Accessories","All the above","Yes","4","No","None of the above","None","No","No","Environmental Impact;Work environment, Labour Laws of the local governments, Workers min wage;Child Labour in work force;Quality of the product","Yes","Yes","Cost","Yes","Yes","Company","Company website","1","Switch to new brand","None"
"2020/11/13 7:43:28 PM GMT+2","carlamulherron@gmail.com","25 - 34","Female","5 years and above","Quarterly","Wayfair","Both","Christmas eve, Holidays, Weekends etc","Furnitures","Furnitures, Bedroom","Cost;Quality","No","2","No","None of the above","None","Yes","Yes","Manufacturing Location/Country;Environmental Impact;Quality of the product","Yes","Yes","Cost","Yes","Yes","Company","Instore, POS","2","Switch to new brand","None"
"2020/11/13 8:38:33 PM GMT+2","onetwothree@gmsil.com","25 - 34","Male","5 years and above","Semi-annual","Amazon","Both","Christmas eve, Holidays, Weekends etc","Furnitures;House hold Items;Home Decorations","All the above","All the above","Yes","1","Yes","Returned the product and requested for refund","Yes, but only boycotted the manufacturer","Yes","Yes","Manufacturing Location/Country;Environmental Impact;Raw materials used;Quality of the product","Yes","Yes","Cost","Yes","No","Products","Advertisement","1","Switch to new brand","None"
"2020/11/15 10:32:44 PM GMT+2","danesh.sankh@gmail.com","25 - 34","Male","5 years and above","once a month","Amazon","Online","Summer","Furnitures;Kitchen Appliances, Cutlery;House hold Items","Home Accessories;Kitchen Appliances","Cost;Warranty, Guarantee;Quality;Dimensions, Shapes and Colors;All the above","Yes","3","No","None of the above","None","Yes","Yes","Manufacturing Location/Country;Work environment, Labour Laws of the local governments, Workers min wage;Raw materials used;Quality of the product","Yes","Yes","durability","Yes","Yes","Products","Product labels","5","Switch to new brand","None"