"Timestamp","Username","1. What's your role and background? ","2. Do you have knowledge on supply chain or retail industry?","3. In your opinion, how much awareness does the public have the social, health, environmental, and safety impacts of the products they purchase?","4. How does transparency offered by a company impact consumers’ (a) willingness to pay, and (b) actual purchasing of their product and services? ","5. Do you have knowledge on Blockchain? If yes, provide the definition of BlockChain and explain the advantages of using the technology in supply chain and logistics?","6. In your view, how can retailers, manufacturers use digital identity to enable supply chain visibility and transparency? What are the challenges involved in it?","7. How does Artificial Intelligence (AI) with real time analytics and tracking help in bringing transparency in the following processes: supply chain planning, warehouse management, fleet management, automated freight brokerage and delivery of the desired goods to consumer location? ","8. How should a retailer use Blockchain and AI in collaboration with suppliers and manufacturers to enable operational efficiency and product visibility?","9. What are the potential risks associated with disclosing product details and logistics to the public? In addition, how should a company mitigate risks from such disclosure?","10. Based on consumer feedback and data analytics using AI, what are the key areas the consumers are most interested in when it comes to transparency?","11. Do you think Blockchain and AI can detect the fraudulent products? If yes, how?","12. Are there regulations in place regarding data privacy and non disclosure agreements to prevent disclosure of any critical information that will provide transparency to consumers?","13. What are smart contracts in blockchain and how does it helps in logistics? ","14. What are the benefits of providing details about social, health, environmental and safety impacts of the products?","15. How would suppliers and retailers be able to achieve higher operational efficiency and product traceability with the integration of Block Chain, AI and IoT devices to track goods?","16. How do block chain, smart contracts, machine learning, AI and IoT devices enable consumers to trust the retailers and security related challenges associated with the technologies?","17. Do you think retailers or manufactures should  implement Block chain, AI or IoT devices in supply chain and logistics? if not, why?"
"2020/11/09 8:43:23 PM GMT+2","msuresh843@gmail.com","Program Manager","Yes. I have the knowledge and working on  retail IT for the past 17+years.","40% of awareness.","It's based on the transparency of Information  - For example if a retailer is providing the transparency of the Original value of the product from the Manufacturer - It will make the consumers to think and get the product in much cheaper price than the market value.","Yes.
Blockchain is a general Ledger process to record all the transactions in multiple locations to have a global data which will reduce lot of fraudulent cases in the digital world.
Advantages:-
1. Transparency towards the consumers.
2. Trusted transactions  for the products.
3. Can reduce more manual effort on shipping and receiving process","","AI can help a lot with real time analytics in 
Supply Chain Planning :- Advance inventory planning can be done based on the product selling, seasonal products can be stocked based on the Calendar dates, Threshold limits and product maintenance can also be handled with AI process.
Warehouse Management:- Product receiving can be automated by grading the suppliers - If more trusted supplier then the warehouse receiver can scan the truck once to receive all the products on it. Also based on the ranking it can be minimized to container level, Pallet level, Carton or Unit level as well.
","","","","","","","Increasing consumers trust","","",""
"2020/11/10 2:26:28 AM GMT+2","anuragg7@gmail.com","Lead Engineer","Both","Very little","Decide on whether they are buying environment friendly product or not","No","Teach their inventory more accurately and identify when it needs to be replenished. Data governance is one of the biggest challenge.","It can help in identifying the delay as well as identify track whether inventory is low and needs replenishment . This would better customer experience if there is transparency.","Identify the demand and plan in advance  and have inventory closer to the area where demand is high to have faster response time to customer orders.","Disclosing product information can lead to dissatisfaction to consumer if product is not environment friendly. ","Product details and how it is fulfilled to consumer.","Not sure.","Yes","Not sure","Demonstrating that we are a responsible business","Any good movement can be tracked and will help in identifying any delay on the route.","Gives more visibility on how the company functions and pros/cons are there for the product they purchasing.","Yes "
"2020/11/10 3:59:05 AM GMT+2","anuragg7@gmail.com","Lead Engineer","Both","Very little","Decide on whether they are buying environment friendly product or not","No","Teach their inventory more accurately and identify when it needs to be replenished. Data governance is one of the biggest challenge.","It can help in identifying the delay as well as identify track whether inventory is low and needs replenishment . This would better customer experience if there is transparency.","Identify the demand and plan in advance  and have inventory closer to the area where demand is high to have faster response time to customer orders.","Disclosing product information can lead to dissatisfaction to consumer if product is not environment friendly. ","Product details and how it is fulfilled to consumer.","Not sure.","Yes","Not sure","Demonstrating that we are a responsible business","Any good movement can be tracked and will help in identifying any delay on the route.","Gives more visibility on how the company functions and pros/cons are there for the product they purchasing.","Yes "
"2020/11/10 2:06:44 PM GMT+2","gabyabdulnour@gmail.com","Supply Chain Management and Purchasing","Yes","the awareness levels are increasing year to year. so a few years ago the public were not interested in the impact that the products they purchase have. but nowadays, the public are much more informaed and willing to go the extra mile to get the needed information about their products ","a) the more transparent the better of course, and in general the more the customer is willing to pay.
b) it might depend on the type of product or service they want to buy. and the different brand image they are looking to buy.","Blockchain is a chain of nodes that act as a ledger where all of these nodes compare the information that they have in an instance which provides a high level of accuracy and prevents the loss of data and make it extremely difficult to change the data that has already been written.
It will allow for a better control and trust in the whole supply chain. it will give the needed transparency and the ability to track the different products and raw materials from the first supplier all the way to the final customer on per unit bases. which will increase the ability of the customer to track their products and know with high certainty that what they get is what has been advertised and communicated.","This goes to the same argument of Blockchain with the ability to track the produced units from the beginning and with the help of IoT it can be a powerful tool  in the hands of a company to show to their customers/governmental agencies that their products are complainant with the regulations.
the challenges are that this is difficult to implement and it might have some IT risk","In my opinion, AI can help in increasing the efficiency of the SC by reducing different types of waste and reducing bottlenecks and increase the system capacity to take orders and optimizing the orders and shipping.","similar to last one","risks might come from the competitive side where some of the product details that will be disclosed are the prices and the different suppliers, which will make it easy for competitors to take advantage of that and might cause some contractual problems in terms non-disclosure agreements.
some of the risks can be mitigated by having an agreement between suppliers and customers and having a clear regulation regarding what needs to be disclosed and what needs to be kept.","the social responsibility of the company and how green and ethically sourced the product is.","of course. this can help when the customer is buying a product from a third party not directly from the company that produced it. this can be done for example by having an RFID or a QR code that can be easily identified and that connects back to the blockchain which can verify from where the product came and what were the steps taken in the assembly and shipping.","I do not know for sure. but I guess there is some in place","I do not know smart contracts","Keeping in line with competitors","better shipping ratios, faster order treatment, optimized shipping and moving routes and less loss of products to theft and breakage.","there has to be a basic trust in the system when it is first implemented. because these systems should be able to make their own decisions in terms of what is better for the company in terms of the tasks that they are handling. and this can happen when the public are more informed about these technologies and can understand the benefits that they bring.","disregarding everything, yes. but when we start considering the different aspects that we need to take into account, I cannot recommend all companies to do it.
this is a very high-risk investment and it is super expensive to get it up and running and not all companies have the needed know-how and the ability to track all of these things even if they started slow."
"2020/11/10 8:25:26 PM GMT+2","dwyers490@gmail.com","I am working as a data strategist for an asset management company","No","Consumers are getting much more aware these days not just for themselves but they are opting for eco friendly products, but a major proportion of consumers go for value for money without taking into consideration the adverse health effects.","With complete transparency a customer can make an informed decision. It becomes easier for him to trust the product and would be willing to pay more too. It's like purchasing products from an Apple store because  of its after sales services and reliability. ","Blockchain is a distributed ledger system, which allows complete transparency and compliance to GDPR ; furthermore owing to its decentralized  nature it restricts complete authority of  an individual or a pool of people to control or sabotage the chain. It unlocks new avenues into future and practically everything will be on the blockchain in near future  be that rental agreements, health care sector, banking, engineering  or investments","I believe by assigning a unique identifier similar to a QR code or barcode on the blockchain  would make the information more accessible to consumers. They would be able to trace the origins of  the products and the concerned information regarding it. In terms of manufacturing blockchain will help in patenting the information globally which would reduce a major chunk of counterfeit products in the market.  ","","Operational efficiency would be in place as every transaction would be recorded in real time, keeping everyone on the same page. Transparency would ensure  product's authenticity which in turn would increase the visibility","Brands fear that full disclosure would lose them the  competitive advantage. The disclosure should be made in a way  that information should be provided to a regulatory body instead of making it public and products should be certified by that regulatory authority. Those certificates should be made publicly available through the blockchain network ","Product authenticity
Product Origin
Health and Safety 
Security  
","With  AI in place, machines would be easily able to recognize the patterns, textures, viscosity and type of materials and when paired up with blockchain, the information would be available to everyone involved in the process of consumption, therefore making it more transparent.","","Primarily, it eliminates the involvement of third parties or middlemen and cannot be altered once they  become a part of the blockchain. In logistics it basically automates the whole process, makes it much more transparent and secure.","Increasing consumers trust","It would make B2B transactions  more secure and transparent. It would reduce the fat and make the system more lean and agile.The transaction data would be available in real time keeping the whole workflow automated and smooth.","Majority of the consumers are not really concerned with the transparency of the products when it come to retail sector as they are generally concerned with the brand name, however while shopping online they are usually concerned with the origin of the product and spams. Blockchains, smart contracts AI and Iot would ensure that the consumers get the right products and are fully aware of the information that a product contains, be it origin of the products or the delivery method or even  secure  online payment ","I believe AI and IOT are already in place the retail sector, a Canadian  fuel company came up with their own automated store, however it would take them significant time to completely transition from conventional supply chain methods to blockchain as the process is relatively  new and people are not properly equipped with the right kind of knowledge to implement it"
"2020/11/12 4:54:00 PM GMT+2","naikganesh133@gmail.com","Software engineer","Yes","Less","a","No","Payment security","","","By increasing data security","Payment gateway","Not always","Yes","","Motivating the business to redesign or reformulate the product","","","Yes"
"2021/04/24 5:08:32 PM GMT+2","ksn.nithin@gmail.com","Masters in International Business and Engineering","Yes","Firstly, Due to lack of awareness, very few customers used to care about the social, health, environmental and safety impacts, because the delayed affect or problems faced only in long term. 

Secondly, Today, There are large number of research going on the affect of the chemicals used in the products. People notice this on the package of the product. But very few customers go through this information. ","The transparency is the key for the next decade or so, 

One example is Bio products, Though Bio products are costlier than regular products. People are switching to buy the bio products as they realize the impact of chemicals on the environment and themselves.","Blocks of records and information just like a ledger of information. Small  Blocks 
instead of a single one- decentralized and also distributed.

Advantages is to identify the errors, track the process more effectively and to optimize the supply chain and  process by going through each step or the blocks. ","Digital information is easy to go through and understand. It is the manufacturers responsibility to present or to share all the information. 

Challenges involved is, due to lack of information, customers switch the products because of not knowing what chemical have what impact on the environment and health, which chemical has more disadvantages than advantages becomes the primary question.

","Real time analytics helps to make data driven decisions quicker than ever before. The information is reached immediately which helps to optimize the process. The entire supply chain process and logistics could run more effectively and efficiently. ","Retailers can use Blockchain to,
- On time delivery
- Better Inventory Management
- Customer Satisfaction","As discussed in Q6.

Challenges involved is, due to lack of information, customers switch the products because of not knowing what chemical have what impact on the environment and health, which chemical has more disadvantages than advantages becomes the primary question.","-Physical and Chemical Properties
-Chemical constituents","Damaged products - Yes
Fraudulent Products - No idea, also it varies based on the information stored in Databases","No idea.","-Smart contracts can help only with long term business partners, there is lot of risk involved in new partners because of automation of documentation work. ","Increasing consumers trust","-Real time information
-Quicker response","More Information Transparency - More Trust between the consumers and Retailers. Therefore, Increase in sales and business. ","Yes"